,,,,,,,
송도컨벤시아 전시 및 이벤트 일정,,,,,,,
구분,행사명,행사명(영문),기간,장소,웹사이트,주최,주관
컨벤션,구급대원 외상처치교육(4),구급대원 외상처치교육(4),2026-05-28 ~ 2026-05-28,"109호, 110호, 111호",,(의료) 길의료재단,(의료) 길의료재단
전시,2026 인천낚시박람회,2026 인천낚시박람회,2026-05-29 ~ 2026-05-31,Hall 1,,,
컨벤션,인천웨딩박람회(5월),인천웨딩박람회(5월),2026-05-30 ~ 2026-05-31,116호,,하이어웨딩,하이어웨딩
컨벤션,HUFS 지원전략 설명회,HUFS 지원전략 설명회,2026-05-30 ~ 2026-05-30,"113호, 114호, 115호",,한국외국어대학교,한국외국어대학교
컨벤션,대한응용근신경학회 국제학술대회,대한응용근신경학회 국제학술대회,2026-06-06 ~ 2026-06-07,"201호, 202호, VIP(G), 그랜드 A",,국제응용근신경학회,대한응용근신경학회
컨벤션,웨딩크라우드 웨딩박람회(6월 1차),웨딩크라우드 웨딩박람회(6월 1차),2026-06-06 ~ 2026-06-07,"107호, 108호, 109호",,(주)웨딩크라우드,(주)웨딩크라우드
컨벤션,2026년 인천광역시 품질분임조경진대회,2026년 인천광역시 품질분임조경진대회,2026-06-10 ~ 2026-06-11,"104호, 105호, 106호, 107호, 108호, 109호",,한국표준협회 인천지역본부,한국표준협회 인천지역본부
전시,2026 인천가구쇼 SP,2026 인천가구쇼 SP,2026-06-11 ~ 2026-06-14,"Hall 1, Hall 2, Hall 3, Hall 4",,네모전람(주),
컨벤션,인천광역시교육청 대학입학수시박람회,인천광역시교육청 대학입학수시박람회,2026-06-13 ~ 2026-06-13,"301호, 302호, 303호, 304호, 305호, 306호, 307호, 308호, 309호, 310호, 311호, VIP(112), 프리미어 A, 프리미어 B, 프리미어 C",,인천광역시교육청,인천광역시교육청
컨벤션,웨딩크라우드 웨딩박람회(6월 2차),웨딩크라우드 웨딩박람회(6월 2차),2026-06-13 ~ 2026-06-14,"107호, 108호, 109호",,(주)웨딩크라우드,(주)웨딩크라우드
컨벤션,세바여X김완선 무료공연,세바여X김완선 무료공연,2026-06-13 ~ 2026-06-13,"VIP(G), 그랜드 A",,세상을 바꾸는 여자들,세상을 바꾸는 여자들
컨벤션,ASP 과학박람회,ASP 과학박람회,2026-06-13 ~ 2026-06-13,"116호, 117호, 118호",,,
컨벤션,ASCE 국제 3D 건설 엔지니어링 컨퍼런스(I3CE) 2026,ASCE 국제 3D 건설 엔지니어링 컨퍼런스(I3CE) 2026,2026-06-14 ~ 2026-06-17,"201호, 204호, 205호, 206호, 207호, 그랜드 A, 그랜드 B",,서울대학교,서울대학교
컨벤션,한반도해상풍력 설명회,한반도해상풍력 설명회,2026-06-15 ~ 2026-06-15,"104호, 105호",,주식회사 한반도해상풍력1,주식회사 한반도해상풍력1
컨벤션,2026 국제해양안전대전(통블럭),2026 국제해양안전대전(통블럭),2026-06-16 ~ 2026-06-19,"102호, 103호, 104호, 105호, 106호, 107호, 108호, 109호, 110호, 111호, 113호, 114호, 115호, 116호, 117호, 118호, VIP(112), 프리미어 A, 프리미어 B, 프리미어 C",,,
전시,국제해양·안전대전,국제해양·안전대전,2026-06-17 ~ 2026-06-19,"Hall 1, Hall 2, Hall 3",,,리드케이훼어스 유한회사
컨벤션,한국 바칼로레아 교육 설명회 및 워크숍,한국 바칼로레아 교육 설명회 및 워크숍,2026-06-18 ~ 2026-06-18,"204호, 205호",,,
컨벤션,2026 PM Business Academy,2026 PM Business Academy,2026-06-18 ~ 2026-06-19,"VIP(G), 그랜드 A, 그랜드 B",,피엠인터내셔널코리아 유한회사,피엠인터내셔널코리아 유한회사
컨벤션,올마이티캠퍼스 수학학원 설명회,올마이티캠퍼스 수학학원 설명회,2026-06-18 ~ 2026-06-18,306호,,주식회사 올마이티캠퍼스,주식회사 올마이티캠퍼스
컨벤션,국제행동발달연구학회(ISSBD),국제행동발달연구학회(ISSBD),2026-06-20 ~ 2026-06-25,"102호, 110호, 111호, 201호, 202호, 204호, 205호, 206호, 207호, 301호, 304호, 305호, 306호, 307호, 308호, 309호, 310호, 311호, VIP(112), 프리미어 A, 프리미어 B, 프리미어 C",,,
컨벤션,글로벌ONE신한 자원봉사 대축제 안전동행 릴레이(가구제작),글로벌ONE신한 자원봉사 대축제 안전동행 릴레이(가구제작),2026-06-20 ~ 2026-06-20,"116호, 117호, 118호",,(주)솔깃커뮤니케이션즈,(주)솔깃커뮤니케이션즈
컨벤션,웨딩크라우드 웨딩박람회(6월 3차),웨딩크라우드 웨딩박람회(6월 3차),2026-06-20 ~ 2026-06-21,"107호, 108호, 109호",,(주)웨딩크라우드,(주)웨딩크라우드
컨벤션,월드패밀리 클럽 쇼 (6월),월드패밀리 클럽 쇼 (6월),2026-06-21 ~ 2026-06-21,"302호, 303호",,월드패밀리잉글리쉬코리아주식회사,월드패밀리잉글리쉬코리아주식회사
컨벤션,인천웨딩박람회(6월),인천웨딩박람회(6월),2026-06-26 ~ 2026-06-28,"116호, 117호",,하이어웨딩,하이어웨딩
컨벤션,한국 유아교육 행정협의회,한국 유아교육 행정협의회,2026-06-26 ~ 2026-06-26,"그랜드 A, 그랜드 B",,,
컨벤션,The 2026 POLY Speech Contest,The 2026 POLY Speech Contest,2026-06-26 ~ 2026-06-27,"102호, 103호, 104호, 105호, 106호, 107호, 108호, 109호, 110호, 111호, 113호, 115호, 201호, 202호, 204호, 205호, 206호, 207호, 302호, 303호, 304호, 305호, 306호, 307호, 308호, 309호, 그랜드 A, 그랜드 B, 그랜드 C",,주식회사폴리인스퍼레이션,주식회사폴리인스퍼레이션
컨벤션,소통교육강연(6월),소통교육강연(6월),2026-06-29 ~ 2026-06-29,"113호, 114호",,주식회사 소통컴퍼니,주식회사 소통컴퍼니
컨벤션,로보컵 2026 인천(RoboCup 2026 Incheon),로보컵 2026 인천(RoboCup 2026 Incheon),2026-06-29 ~ 2026-07-06,"103호, 104호, 105호, 106호, 107호, 108호, 109호, 110호, 111호, 116호, 117호, 118호, 204호, 205호, 206호, 207호, 208호, VIP(112), 그랜드 A, 그랜드 B, 그랜드 C, 프리미어 A, 프리미어 B, 프리미어 C",,인천광역시청,재단법인 인천테크노파크
컨벤션,전국민 AI 경진 대회,전국민 AI 경진 대회,2026-07-03 ~ 2026-07-04,"302호, 303호",,(재)한국과학창의재단,마이스플랜즈
컨벤션,웨딩크라우드 웨딩박람회(7월 1차),웨딩크라우드 웨딩박람회(7월 1차),2026-07-04 ~ 2026-07-05,"306호, 307호",,(주)웨딩크라우드,(주)웨딩크라우드
컨벤션,2026 iH 관리자리더십 & 팔로워십 교육,2026 iH 관리자리더십 & 팔로워십 교육,2026-07-06 ~ 2026-07-10,"107호, 304호",,인천도시공사,인천도시공사
컨벤션,소통교육강연 (7월),소통교육강연 (7월),2026-07-08 ~ 2026-07-08,"113호, 114호",,,
전시,제15회 인천베이비페어,제15회 인천베이비페어,2026-07-09 ~ 2026-07-12,Hall 1,,,
전시,포에리아 인천 펫페어 2026,포에리아 인천 펫페어 2026,2026-07-10 ~ 2026-07-12,Hall 2,,인천반려동물복지협회,
컨벤션,웨딩크라우드 웨딩박람회(7월 2차),웨딩크라우드 웨딩박람회(7월 2차),2026-07-11 ~ 2026-07-12,"108호, 109호",,(주)웨딩크라우드,(주)웨딩크라우드
전시,2026 대한민국 드론ㆍUAM 박람회,2026 대한민국 드론ㆍUAM 박람회,2026-07-16 ~ 2026-07-17,,,,
컨벤션,IAHR-APD 2026(2026 국제 수환경공학회 아시아-태평양지역 대회),IAHR-APD 2026(2026 국제 수환경공학회 아시아-태평양지역 대회),2026-07-19 ~ 2026-07-22,"201호, 202호, 203호, 204호, 205호, 206호, 207호, 208호, 301호, VIP(G), 그랜드 A, 그랜드 B",,한양대학교,
컨벤션,2026 Seminar Fair,2026 Seminar Fair,2026-07-22 ~ 2026-07-22,113호,,인아오리엔탈모터(주),인아오리엔탈모터(주)
전시,2026 인천가구박람회 2차,2026 인천가구박람회 2차,2026-07-23 ~ 2026-07-26,"Hall 3, Hall 4",,,
전시,2026 뷰티&헬스케어쇼,2026 뷰티&헬스케어쇼,2026-07-23 ~ 2026-07-25,"Hall 1, Hall 2",,,
컨벤션,사이버 가디언즈,사이버 가디언즈,2026-07-24 ~ 2026-07-24,"116호, 117호",,,
컨벤션,2026 인천 바이오 치의학 종합학술대회 및 치과 기자재 전시회,2026 인천 바이오 치의학 종합학술대회 및 치과 기자재 전시회,2026-07-25 ~ 2026-07-26,"201호, 202호, 203호, 204호, 205호, VIP(112), 프리미어 A, 프리미어 B, 프리미어 C",,인천광역시치과의사회,인천광역시치과의사회
컨벤션,인천웨딩박람회(7월),인천웨딩박람회(7월),2026-07-25 ~ 2026-07-26,308호,,하이어웨딩,하이어웨딩
컨벤션,대한치과재료학회 2026년 하계 워크샵,대한치과재료학회 2026년 하계 워크샵,2026-07-27 ~ 2026-07-27,205호,,대한치과재료학회,대한치과재료학회
컨벤션,인천 청년도약기지 청년인턴 일경험을 위한 기업 매칭데이,인천 청년도약기지 청년인턴 일경험을 위한 기업 매칭데이,2026-07-28 ~ 2026-07-29,"VIP(112), 프리미어 A, 프리미어 B, 프리미어 C",,,
컨벤션,KET 신입사원 하계연수,KET 신입사원 하계연수,2026-07-29 ~ 2026-07-29,302호,,한국단자공업(주),한국단자공업(주)
전시,2026 그린에너텍 (GreenEnerTEC 2026),2026 그린에너텍 (GreenEnerTEC 2026),2026-08-05 ~ 2026-08-07,Hall 1,,,
전시,2026 인천가구박람회 3차,2026 인천가구박람회 3차,2026-09-03 ~ 2026-09-06,"Hall 3, Hall 4",,,
전시,33회 인천 베이비&키즈페어,33회 인천 베이비&키즈페어,2026-09-03 ~ 2026-09-06,Hall 4,,,
전시,2026 KPCA Show,2026 KPCA Show,2026-09-09 ~ 2026-09-11,"Hall 1, Hall 2, Hall 3, Hall 4",,,
전시,G-round ART FAIR 2026,G-round ART FAIR 2026,2026-09-17 ~ 2026-09-20,"Hall 1, Hall 2",,,
전시,2026 케이펫페어 송도(대한민국펫산업박람회),2026 케이펫페어 송도(대한민국펫산업박람회),2026-09-18 ~ 2026-09-20,"Hall 3, Hall 4",,,
컨벤션,2026 한국스마트워터그리드학회 통합학술대회,2026 한국스마트워터그리드학회 통합학술대회,2026-10-05 ~ 2026-10-05,"106호, 107호, 108호, 109호, 110호, 111호, 113호, 114호, 115호, 116호, 117호, 118호, VIP(112), 프리미어 A",,,
전시,FIRST Global Challenge 2026,FIRST Global Challenge 2026,2026-10-06 ~ 2026-10-10,"Hall 1, Hall 2, Hall 3, Hall 4",,,
전시,ISW SURF 2026 (인천스타트업위크),ISW SURF 2026 (인천스타트업위크),2026-10-14 ~ 2026-10-15,"Hall 3, Hall 4",,,
전시,2026 인천직업교육박람회 및 글로벌취업창업박람회,2026 인천직업교육박람회 및 글로벌취업창업박람회,2026-10-15 ~ 2026-10-16,"Hall 1, Hall 2",,,
전시,국제치안산업대전,국제치안산업대전,2026-10-21 ~ 2026-10-24,"Hall 1, Hall 2, Hall 3, Hall 4, Lobby&Outdoor",,,
전시,2026 인천 일러스트코리아,2026 인천 일러스트코리아,2026-10-30 ~ 2026-11-01,Hall 1,,,
전시,2026 인천 슈퍼아웃도어 페스티벌,2026 인천 슈퍼아웃도어 페스티벌,2026-10-30 ~ 2026-11-01,"Hall 3, Hall 4",,,
컨벤션,제61차 대한방사선사 학술대회 및 국제학술대회,제61차 대한방사선사 학술대회 및 국제학술대회,2026-10-31 ~ 2026-10-31,"204호, 205호, 206호, 207호, 302호, 303호, 305호, 306호, 308호, 309호, VIP(G), 그랜드 A, 그랜드 B, 그랜드 C",,(사)대한방사선사협회,(사)대한방사선사협회
전시,인천아트쇼 2026,인천아트쇼 2026,2026-11-19 ~ 2026-11-22,"Hall 2, Hall 3, Hall 4",,,
전시,IQT KOREA 2026,IQT KOREA 2026,2026-11-25 ~ 2026-11-28,"Hall 1, Hall 2, Hall 3",,,
전시,2026 인천가구쇼 AUT,2026 인천가구쇼 AUT,2026-12-03 ~ 2026-12-06,"Hall 1, Hall 2, Hall 3, Hall 4",,,
전시,Pre-6G Vision Fest (MK2026),Pre-6G Vision Fest (MK2026),2026-12-08 ~ 2026-12-11,"Hall 1, Hall 2",,과학기술정보통신부,
전시,제16회 인천베이비페어,제16회 인천베이비페어,2026-12-10 ~ 2026-12-13,Hall 2,,,
전시,2026 관상어 파충류 박람회,2026 관상어 파충류 박람회,2026-12-12 ~ 2026-12-13,Hall 1,,,
,,,,,,,
,,,,,,,
,,,,,,,
,,,,,,,
,,,,,,,
,,,,,,,
,,,,,,,
,,,,,,,
,,,,,,,
,,,,,,,
,,,,,,,
,,,,,,,
,,,,,,,
,,,,,,,
,,,,,,,
,,,,,,,
,,,,,,,
,,,,,,,
,,,,,,,
,,,,,,,
,,,,,,,
,,,,,,,
,,,,,,,
,,,,,,,
,,,,,,,
,,,,,,,
,,,,,,,
,,,,,,,
,,,,,,,
,,,,,,,
,,,,,,,
,,,,,,,
,,,,,,,
,,,,,,,
,,,,,,,
,,,,,,,
,,,,,,,
,,,,,,,
,,,,,,,
,,,,,,,
,,,,,,,
,,,,,,,
,,,,,,,
,,,,,,,
,,,,,,,
,,,,,,,
,,,,,,,
,,,,,,,
,,,,,,,
,,,,,,,
,,,,,,,
,,,,,,,
,,,,,,,
,,,,,,,
,,,,,,,
,,,,,,,
,,,,,,,
,,,,,,,
,,,,,,,
,,,,,,,
,,,,,,,
,,,,,,,
,,,,,,,
,,,,,,,
,,,,,,,
,,,,,,,
,,,,,,,
,,,,,,,
,,,,,,,
,,,,,,,
,,,,,,,
,,,,,,,
,,,,,,,
,,,,,,,
,,,,,,,
,,,,,,,
,,,,,,,
,,,,,,,
,,,,,,,
,,,,,,,
,,,,,,,
,,,,,,,
,,,,,,,
,,,,,,,
,,,,,,,
,,,,,,,
,,,,,,,
,,,,,,,
,,,,,,,
,,,,,,,
,,,,,,,
,,,,,,,
,,,,,,,
,,,,,,,
,,,,,,,
,,,,,,,
,,,,,,,
,,,,,,,
,,,,,,,
,,,,,,,
,,,,,,,
,,,,,,,
,,,,,,,
,,,,,,,
,,,,,,,
,,,,,,,
,,,,,,,
,,,,,,,
,,,,,,,
,,,,,,,
,,,,,,,
,,,,,,,
,,,,,,,
,,,,,,,
,,,,,,,
,,,,,,,
,,,,,,,
,,,,,,,
,,,,,,,
,,,,,,,
,,,,,,,
,,,,,,,
,,,,,,,
,,,,,,,
,,,,,,,
,,,,,,,
,,,,,,,
,,,,,,,
,,,,,,,
,,,,,,,
,,,,,,,
,,,,,,,
,,,,,,,
,,,,,,,
,,,,,,,
,,,,,,,
,,,,,,,
,,,,,,,
,,,,,,,
,,,,,,,
,,,,,,,
,,,,,,,
,,,,,,,
,,,,,,,
,,,,,,,
,,,,,,,
,,,,,,,
,,,,,,,
,,,,,,,
,,,,,,,
,,,,,,,
,,,,,,,
,,,,,,,
,,,,,,,
,,,,,,,
,,,,,,,
,,,,,,,
,,,,,,,
,,,,,,,
,,,,,,,
,,,,,,,
,,,,,,,
,,,,,,,
,,,,,,,
,,,,,,,
,,,,,,,
,,,,,,,
,,,,,,,
,,,,,,,
,,,,,,,
,,,,,,,
,,,,,,,
,,,,,,,
,,,,,,,
,,,,,,,
,,,,,,,
,,,,,,,
,,,,,,,
,,,,,,,
,,,,,,,
,,,,,,,
,,,,,,,
,,,,,,,
,,,,,,,
,,,,,,,
,,,,,,,
,,,,,,,
,,,,,,,
,,,,,,,
,,,,,,,
,,,,,,,
,,,,,,,
,,,,,,,
,,,,,,,
,,,,,,,
,,,,,,,
,,,,,,,
,,,,,,,
,,,,,,,
,,,,,,,
,,,,,,,
,,,,,,,
,,,,,,,
,,,,,,,
,,,,,,,
,,,,,,,
,,,,,,,
,,,,,,,
,,,,,,,
,,,,,,,
,,,,,,,
,,,,,,,
,,,,,,,
,,,,,,,
,,,,,,,
,,,,,,,
,,,,,,,
,,,,,,,
,,,,,,,
,,,,,,,
,,,,,,,
,,,,,,,
,,,,,,,
,,,,,,,
,,,,,,,
,,,,,,,
,,,,,,,
,,,,,,,
,,,,,,,
,,,,,,,
,,,,,,,
,,,,,,,
,,,,,,,
,,,,,,,
,,,,,,,
,,,,,,,
,,,,,,,
,,,,,,,
,,,,,,,
,,,,,,,
,,,,,,,
,,,,,,,
,,,,,,,
,,,,,,,
,,,,,,,
,,,,,,,
,,,,,,,
,,,,,,,
,,,,,,,
,,,,,,,
,,,,,,,
,,,,,,,
,,,,,,,
,,,,,,,
,,,,,,,
,,,,,,,
,,,,,,,
,,,,,,,
,,,,,,,
,,,,,,,
,,,,,,,
,,,,,,,
,,,,,,,
,,,,,,,
,,,,,,,
,,,,,,,
,,,,,,,
,,,,,,,
,,,,,,,
,,,,,,,
,,,,,,,
,,,,,,,
,,,,,,,
,,,,,,,
,,,,,,,
,,,,,,,
,,,,,,,
,,,,,,,
,,,,,,,
,,,,,,,
,,,,,,,
,,,,,,,
,,,,,,,
,,,,,,,
,,,,,,,
,,,,,,,
,,,,,,,
,,,,,,,
,,,,,,,
,,,,,,,
,,,,,,,
,,,,,,,
,,,,,,,
,,,,,,,
,,,,,,,
,,,,,,,
,,,,,,,
,,,,,,,
,,,,,,,
,,,,,,,
,,,,,,,
,,,,,,,
,,,,,,,
,,,,,,,
,,,,,,,
,,,,,,,
,,,,,,,
,,,,,,,
,,,,,,,
,,,,,,,
,,,,,,,
,,,,,,,
,,,,,,,
,,,,,,,
,,,,,,,
,,,,,,,
,,,,,,,
,,,,,,,
,,,,,,,
,,,,,,,
,,,,,,,
,,,,,,,
,,,,,,,
,,,,,,,
,,,,,,,
,,,,,,,
,,,,,,,
,,,,,,,
,,,,,,,
,,,,,,,
,,,,,,,
,,,,,,,
,,,,,,,
,,,,,,,
,,,,,,,
,,,,,,,
,,,,,,,
,,,,,,,
,,,,,,,
,,,,,,,
,,,,,,,
,,,,,,,
,,,,,,,
,,,,,,,
,,,,,,,
,,,,,,,
,,,,,,,
,,,,,,,
,,,,,,,
,,,,,,,
,,,,,,,
,,,,,,,
,,,,,,,
,,,,,,,
,,,,,,,
,,,,,,,
,,,,,,,
,,,,,,,
,,,,,,,
,,,,,,,
,,,,,,,
,,,,,,,
,,,,,,,
,,,,,,,
,,,,,,,
,,,,,,,
,,,,,,,
,,,,,,,
,,,,,,,
,,,,,,,
,,,,,,,
,,,,,,,
,,,,,,,
,,,,,,,
,,,,,,,
,,,,,,,
,,,,,,,
,,,,,,,
,,,,,,,
,,,,,,,
,,,,,,,
,,,,,,,
,,,,,,,
,,,,,,,
,,,,,,,
,,,,,,,
,,,,,,,
,,,,,,,
,,,,,,,
,,,,,,,
,,,,,,,
,,,,,,,
,,,,,,,
,,,,,,,
,,,,,,,
,,,,,,,
,,,,,,,
,,,,,,,
,,,,,,,
,,,,,,,
,,,,,,,
,,,,,,,
,,,,,,,
,,,,,,,
,,,,,,,
,,,,,,,
,,,,,,,
,,,,,,,
,,,,,,,
,,,,,,,
,,,,,,,
,,,,,,,
,,,,,,,
,,,,,,,
,,,,,,,
,,,,,,,
,,,,,,,
,,,,,,,
,,,,,,,
,,,,,,,
,,,,,,,
,,,,,,,
,,,,,,,
,,,,,,,
,,,,,,,
,,,,,,,
,,,,,,,
,,,,,,,
,,,,,,,
,,,,,,,
,,,,,,,
,,,,,,,
,,,,,,,
,,,,,,,
,,,,,,,
,,,,,,,
,,,,,,,
,,,,,,,
,,,,,,,
,,,,,,,
,,,,,,,
,,,,,,,
,,,,,,,
,,,,,,,
,,,,,,,
,,,,,,,
,,,,,,,
,,,,,,,
,,,,,,,
,,,,,,,
,,,,,,,
,,,,,,,
,,,,,,,
,,,,,,,
,,,,,,,
,,,,,,,
,,,,,,,
,,,,,,,
,,,,,,,
,,,,,,,
,,,,,,,
,,,,,,,
,,,,,,,
,,,,,,,
,,,,,,,
,,,,,,,
,,,,,,,
,,,,,,,
,,,,,,,
,,,,,,,
,,,,,,,
,,,,,,,
,,,,,,,
,,,,,,,
,,,,,,,
,,,,,,,
,,,,,,,
,,,,,,,
,,,,,,,
,,,,,,,
,,,,,,,
,,,,,,,
,,,,,,,
,,,,,,,
,,,,,,,
,,,,,,,
,,,,,,,
,,,,,,,
,,,,,,,
,,,,,,,
,,,,,,,
,,,,,,,
,,,,,,,
,,,,,,,
,,,,,,,
,,,,,,,
,,,,,,,
,,,,,,,
,,,,,,,
,,,,,,,
,,,,,,,
,,,,,,,
,,,,,,,
,,,,,,,
,,,,,,,
,,,,,,,
,,,,,,,
,,,,,,,
,,,,,,,
,,,,,,,
,,,,,,,
,,,,,,,
,,,,,,,
,,,,,,,
,,,,,,,
,,,,,,,
,,,,,,,
,,,,,,,
,,,,,,,
,,,,,,,
,,,,,,,
,,,,,,,
,,,,,,,
,,,,,,,
,,,,,,,
,,,,,,,
,,,,,,,
,,,,,,,
,,,,,,,
,,,,,,,
,,,,,,,
,,,,,,,
,,,,,,,
,,,,,,,
,,,,,,,
,,,,,,,
,,,,,,,
,,,,,,,
,,,,,,,
,,,,,,,
,,,,,,,
,,,,,,,
,,,,,,,
,,,,,,,
,,,,,,,
,,,,,,,
,,,,,,,
,,,,,,,
,,,,,,,
,,,,,,,
,,,,,,,
,,,,,,,
,,,,,,,
,,,,,,,
,,,,,,,
,,,,,,,
,,,,,,,
,,,,,,,
,,,,,,,
,,,,,,,
,,,,,,,
,,,,,,,
,,,,,,,
,,,,,,,
,,,,,,,
,,,,,,,
,,,,,,,
,,,,,,,
,,,,,,,
,,,,,,,
,,,,,,,
,,,,,,,
,,,,,,,
,,,,,,,
,,,,,,,
,,,,,,,
,,,,,,,
,,,,,,,
,,,,,,,
,,,,,,,
,,,,,,,
,,,,,,,
,,,,,,,
,,,,,,,
,,,,,,,
,,,,,,,
,,,,,,,
,,,,,,,
,,,,,,,
,,,,,,,
,,,,,,,
,,,,,,,
,,,,,,,
,,,,,,,
,,,,,,,
,,,,,,,
,,,,,,,
,,,,,,,
,,,,,,,
,,,,,,,
,,,,,,,
,,,,,,,
,,,,,,,
,,,,,,,
,,,,,,,
,,,,,,,
,,,,,,,
,,,,,,,
,,,,,,,
,,,,,,,
,,,,,,,
,,,,,,,
,,,,,,,
,,,,,,,
,,,,,,,
,,,,,,,
,,,,,,,
,,,,,,,
,,,,,,,
,,,,,,,
,,,,,,,
,,,,,,,
,,,,,,,
,,,,,,,
,,,,,,,
,,,,,,,
,,,,,,,
,,,,,,,
,,,,,,,
,,,,,,,
,,,,,,,
,,,,,,,
,,,,,,,
,,,,,,,
,,,,,,,
,,,,,,,
,,,,,,,
,,,,,,,
,,,,,,,
,,,,,,,
,,,,,,,
,,,,,,,
,,,,,,,
,,,,,,,
,,,,,,,
,,,,,,,
,,,,,,,
,,,,,,,
,,,,,,,
,,,,,,,
,,,,,,,
,,,,,,,
,,,,,,,
,,,,,,,
,,,,,,,
,,,,,,,
,,,,,,,
,,,,,,,
,,,,,,,
,,,,,,,
,,,,,,,
,,,,,,,
,,,,,,,
,,,,,,,
,,,,,,,
,,,,,,,
,,,,,,,
,,,,,,,
,,,,,,,
,,,,,,,
,,,,,,,
,,,,,,,
,,,,,,,
,,,,,,,
,,,,,,,
,,,,,,,
,,,,,,,
,,,,,,,
,,,,,,,
,,,,,,,
,,,,,,,
,,,,,,,
,,,,,,,
,,,,,,,
,,,,,,,
,,,,,,,
,,,,,,,
,,,,,,,
,,,,,,,
,,,,,,,
,,,,,,,
,,,,,,,
,,,,,,,
,,,,,,,
,,,,,,,
,,,,,,,
,,,,,,,
,,,,,,,
,,,,,,,
,,,,,,,
,,,,,,,
,,,,,,,
,,,,,,,
,,,,,,,
,,,,,,,
,,,,,,,
,,,,,,,
,,,,,,,
,,,,,,,
,,,,,,,
,,,,,,,
,,,,,,,
,,,,,,,
,,,,,,,
,,,,,,,
,,,,,,,
,,,,,,,
,,,,,,,
,,,,,,,
,,,,,,,
,,,,,,,
,,,,,,,
,,,,,,,
,,,,,,,
,,,,,,,
,,,,,,,
,,,,,,,
,,,,,,,
,,,,,,,
,,,,,,,
,,,,,,,
,,,,,,,
,,,,,,,
,,,,,,,
,,,,,,,
,,,,,,,
,,,,,,,
,,,,,,,
,,,,,,,
,,,,,,,
,,,,,,,
,,,,,,,
,,,,,,,
,,,,,,,
,,,,,,,
,,,,,,,
,,,,,,,
,,,,,,,
,,,,,,,
,,,,,,,
,,,,,,,
,,,,,,,
,,,,,,,
,,,,,,,
,,,,,,,
,,,,,,,
,,,,,,,
,,,,,,,
,,,,,,,
,,,,,,,
,,,,,,,
,,,,,,,
,,,,,,,
,,,,,,,
,,,,,,,
,,,,,,,
,,,,,,,
,,,,,,,
,,,,,,,
,,,,,,,
,,,,,,,
,,,,,,,
,,,,,,,
,,,,,,,
,,,,,,,
,,,,,,,
,,,,,,,
,,,,,,,
,,,,,,,
,,,,,,,
,,,,,,,
,,,,,,,
,,,,,,,
,,,,,,,
,,,,,,,
,,,,,,,
,,,,,,,
,,,,,,,
,,,,,,,
,,,,,,,
,,,,,,,
,,,,,,,
,,,,,,,
,,,,,,,
,,,,,,,
,,,,,,,
,,,,,,,
,,,,,,,
,,,,,,,
,,,,,,,
,,,,,,,
,,,,,,,
,,,,,,,
,,,,,,,
,,,,,,,
,,,,,,,
,,,,,,,
,,,,,,,
,,,,,,,
,,,,,,,
,,,,,,,
,,,,,,,
,,,,,,,
,,,,,,,
,,,,,,,
,,,,,,,
,,,,,,,
,,,,,,,
,,,,,,,
,,,,,,,
,,,,,,,
,,,,,,,
,,,,,,,
,,,,,,,
,,,,,,,
,,,,,,,
,,,,,,,
,,,,,,,
,,,,,,,
,,,,,,,
,,,,,,,
,,,,,,,
,,,,,,,
,,,,,,,
,,,,,,,
,,,,,,,
,,,,,,,
,,,,,,,
,,,,,,,
,,,,,,,
,,,,,,,
,,,,,,,
,,,,,,,
,,,,,,,
,,,,,,,
,,,,,,,
,,,,,,,
,,,,,,,
,,,,,,,
,,,,,,,
,,,,,,,
,,,,,,,
,,,,,,,
,,,,,,,
,,,,,,,
,,,,,,,
,,,,,,,
,,,,,,,
,,,,,,,
,,,,,,,
,,,,,,,
,,,,,,,
,,,,,,,
,,,,,,,
,,,,,,,
,,,,,,,
,,,,,,,
,,,,,,,
,,,,,,,
,,,,,,,
,,,,,,,
,,,,,,,
,,,,,,,
,,,,,,,
,,,,,,,
,,,,,,,
,,,,,,,
,,,,,,,
,,,,,,,
,,,,,,,
,,,,,,,
,,,,,,,
,,,,,,,
,,,,,,,
,,,,,,,
,,,,,,,
,,,,,,,
,,,,,,,
,,,,,,,
,,,,,,,
,,,,,,,
,,,,,,,
,,,,,,,
,,,,,,,
,,,,,,,
,,,,,,,
,,,,,,,
,,,,,,,
,,,,,,,
,,,,,,,
,,,,,,,
,,,,,,,
,,,,,,,
,,,,,,,
,,,,,,,
,,,,,,,
,,,,,,,
,,,,,,,
,,,,,,,
,,,,,,,
,,,,,,,
,,,,,,,
,,,,,,,
,,,,,,,
,,,,,,,
,,,,,,,
,,,,,,,
,,,,,,,
,,,,,,,
,,,,,,,
,,,,,,,
,,,,,,,
,,,,,,,
,,,,,,,
,,,,,,,
,,,,,,,
,,,,,,,
,,,,,,,
,,,,,,,
,,,,,,,
,,,,,,,
,,,,,,,
,,,,,,,
,,,,,,,
,,,,,,,
,,,,,,,
,,,,,,,
,,,,,,,
,,,,,,,
,,,,,,,
,,,,,,,
,,,,,,,
,,,,,,,
,,,,,,,
,,,,,,,
,,,,,,,
,,,,,,,
,,,,,,,
,,,,,,,
,,,,,,,
,,,,,,,
,,,,,,,
,,,,,,,
,,,,,,,
,,,,,,,
,,,,,,,
,,,,,,,
,,,,,,,
,,,,,,,
,,,,,,,
,,,,,,,
,,,,,,,
,,,,,,,
,,,,,,,
,,,,,,,
,,,,,,,
,,,,,,,
,,,,,,,
,,,,,,,
,,,,,,,
,,,,,,,
,,,,,,,
,,,,,,,
,,,,,,,
,,,,,,,
,,,,,,,
,,,,,,,
,,,,,,,
,,,,,,,
,,,,,,,
,,,,,,,
,,,,,,,
,,,,,,,
,,,,,,,
,,,,,,,
,,,,,,,
,,,,,,,
,,,,,,,
,,,,,,,
,,,,,,,
,,,,,,,
,,,,,,,
,,,,,,,
,,,,,,,
,,,,,,,
,,,,,,,
,,,,,,,
,,,,,,,
,,,,,,,
,,,,,,,
,,,,,,,
,,,,,,,
,,,,,,,
,,,,,,,
,,,,,,,
,,,,,,,
,,,,,,,
,,,,,,,
,,,,,,,
,,,,,,,
,,,,,,,
,,,,,,,
,,,,,,,
,,,,,,,
,,,,,,,
,,,,,,,
,,,,,,,
,,,,,,,
,,,,,,,
,,,,,,,
,,,,,,,
,,,,,,,
,,,,,,,
,,,,,,,
,,,,,,,
,,,,,,,
,,,,,,,
,,,,,,,
,,,,,,,
,,,,,,,
,,,,,,,
,,,,,,,
,,,,,,,
,,,,,,,
,,,,,,,
,,,,,,,
,,,,,,,
,,,,,,,
,,,,,,,
,,,,,,,
,,,,,,,
,,,,,,,
,,,,,,,
,,,,,,,
,,,,,,,
,,,,,,,
,,,,,,,
,,,,,,,
,,,,,,,
,,,,,,,
,,,,,,,
,,,,,,,
,,,,,,,
,,,,,,,
,,,,,,,
,,,,,,,
,,,,,,,
,,,,,,,
,,,,,,,
,,,,,,,
,,,,,,,
,,,,,,,
,,,,,,,
,,,,,,,
,,,,,,,
,,,,,,,
,,,,,,,
,,,,,,,
,,,,,,,
,,,,,,,
,,,,,,,
,,,,,,,
,,,,,,,
,,,,,,,
,,,,,,,
,,,,,,,
,,,,,,,
,,,,,,,
,,,,,,,
,,,,,,,
,,,,,,,
,,,,,,,
,,,,,,,
,,,,,,,
,,,,,,,
,,,,,,,
,,,,,,,
,,,,,,,
,,,,,,,
,,,,,,,
,,,,,,,
,,,,,,,
,,,,,,,
,,,,,,,
,,,,,,,
,,,,,,,
,,,,,,,
,,,,,,,
,,,,,,,
,,,,,,,
,,,,,,,
,,,,,,,
,,,,,,,
,,,,,,,
,,,,,,,
,,,,,,,
,,,,,,,
,,,,,,,
,,,,,,,
,,,,,,,
,,,,,,,
,,,,,,,
,,,,,,,
,,,,,,,
,,,,,,,
,,,,,,,
,,,,,,,
,,,,,,,
,,,,,,,
,,,,,,,
,,,,,,,
,,,,,,,
,,,,,,,
,,,,,,,
,,,,,,,
,,,,,,,
,,,,,,,
,,,,,,,
,,,,,,,
,,,,,,,
,,,,,,,
,,,,,,,
,,,,,,,
,,,,,,,
,,,,,,,
,,,,,,,
,,,,,,,
,,,,,,,
,,,,,,,
,,,,,,,
,,,,,,,
,,,,,,,
,,,,,,,
,,,,,,,
,,,,,,,
,,,,,,,
,,,,,,,
,,,,,,,
,,,,,,,
,,,,,,,
,,,,,,,
,,,,,,,
,,,,,,,
,,,,,,,
,,,,,,,
,,,,,,,
,,,,,,,
,,,,,,,
,,,,,,,
,,,,,,,
,,,,,,,
,,,,,,,
,,,,,,,
,,,,,,,
,,,,,,,
,,,,,,,
,,,,,,,
,,,,,,,
,,,,,,,
,,,,,,,
,,,,,,,
,,,,,,,
,,,,,,,
,,,,,,,
,,,,,,,
,,,,,,,
,,,,,,,
,,,,,,,
,,,,,,,
,,,,,,,
,,,,,,,
,,,,,,,
,,,,,,,
,,,,,,,
,,,,,,,
,,,,,,,
,,,,,,,
,,,,,,,
,,,,,,,
,,,,,,,
,,,,,,,
,,,,,,,
,,,,,,,
,,,,,,,
,,,,,,,
,,,,,,,
,,,,,,,
,,,,,,,
,,,,,,,
,,,,,,,
,,,,,,,
,,,,,,,
,,,,,,,
,,,,,,,
,,,,,,,
,,,,,,,
,,,,,,,
,,,,,,,
,,,,,,,
,,,,,,,
,,,,,,,
,,,,,,,
,,,,,,,
,,,,,,,
,,,,,,,
,,,,,,,
,,,,,,,
,,,,,,,
,,,,,,,
,,,,,,,
,,,,,,,
,,,,,,,
,,,,,,,
,,,,,,,
,,,,,,,
,,,,,,,
,,,,,,,
,,,,,,,
,,,,,,,
,,,,,,,
,,,,,,,
,,,,,,,
,,,,,,,
,,,,,,,
,,,,,,,
,,,,,,,
,,,,,,,
,,,,,,,
,,,,,,,
,,,,,,,
,,,,,,,
,,,,,,,
,,,,,,,
,,,,,,,
,,,,,,,
,,,,,,,
,,,,,,,
,,,,,,,
,,,,,,,
,,,,,,,
,,,,,,,
,,,,,,,
,,,,,,,
,,,,,,,
,,,,,,,
,,,,,,,
,,,,,,,
,,,,,,,
,,,,,,,
,,,,,,,
,,,,,,,
,,,,,,,
,,,,,,,
,,,,,,,
,,,,,,,
,,,,,,,
,,,,,,,
,,,,,,,
,,,,,,,
,,,,,,,
,,,,,,,
,,,,,,,
,,,,,,,
,,,,,,,
,,,,,,,
,,,,,,,
,,,,,,,
