NO,프로젝트 정보,,,,,,,,,행사 정보,,,
,PM 프로필,,프로젝트명,연도,행사시작일,행사종료일,발주처,행사분류,산업분류,주최기관,주관기관,사업개요,연관어
,PM 사업부,PM 부서명,,,,,,행사분류,산업분류,,,,
1,공간 사업부,놀이터사업팀,서울형 키즈카페 상계2동점 놀이공간 설계 및 제작설치,2025,2025-08-14,2026-01-31,노원구,공간사업(놀이터),건설/건축/인테리어,노원구,노원구,,
2,공간 사업부,놀이터사업팀,서울형 키즈카페 창3동점 바닥쿠션매트 제작 설치,2025,2025-10-30,2025-12-12,도봉구,공간사업(놀이터),건설/건축/인테리어,도봉구,도봉구,,
3,E&E 사업부,전시 2팀,2025 대한민국 정부 박람회,2025,2025-12-03,2025-12-05,행정안전부(MOIS),"기타회의, 전시, 전시홍보관, 이벤트",정책/행정/국방/소방/안전,행정안전부(MOIS),행정안전부(MOIS),,#정부혁신 #공식행사 #전시 #부대행사 #박람회 #행정안전부
4,컨벤션 사업부,컨벤션 3팀,2025 세계도핑방지기구 총회,2025,2025-12-01,2025-12-05,부산광역시,국제회의,관광/레저/스포츠,세계도핑방지기구(WADA),"한국도핑방지위원회(KADA), 부산광역시","세계도핑방지기구(WADA) 총회는 6년 주기로 개최되는 도핑방지 분야 최대 규모이자 최고  권위의 국제회의로, 국제 반도핑 정책의 방향을 결정하는 글로벌 스포츠 거버넌스의 핵심 회의",#반도핑 #도핑 #스포츠 #총회 #국제회의 
5,MICE Tech 사업 본부,MICE Tech 사업 본부,2025 경상북도 투자대회 운영용역,2025,"2025-08-29, 2025-08-29","2025-11-29, 2025-11-29",(재)경상북도경제진흥원,비즈니스 행사,인문/사회/경제/역사/법/남북,"경상북도, 경주시",(재)경상북도경제진흥원,,
6,공간 사업부,놀이터사업팀,은평아이맘놀이터 응암1동점 누수관련 바닥쿠션 재공사,2025,2025-10-13,2025-11-28,은평구,공간사업(놀이터),기타,은평구,은평구,,
7,E&E 사업부,이벤트&엑스포 1팀,2025 콘텐츠IP 마켓,2025,2025-11-25,2025-11-27,한국콘텐츠진흥원(KOCCA),"비즈니스 행사, 전시",문화/예술/디자인/콘텐츠/영상/광고,문화체육관광부(MCST),한국콘텐츠진흥원(KOCCA),,
8,E&E 사업부,이벤트&엑스포 2팀,2025년 전통시장 온누리상품권 환급행사 (수산물),2025,"2025-01-23, 2025-03-26, 2025-05-09, 2025-08-01, 2025-09-26, 2025-11-19","2025-01-27, 2025-04-01, 2025-05-13, 2025-08-05, 2025-10-05, 2025-11-23",한국수산회,프로모션,농수축산/식음료,해양수산부(MOF),한국수산회,‘2025년 수산물 상생할인 지원 사업’의 일환으로 전통시장 활성화를 위해 국내산 수산물 소비자에게 온누리상품권 환급 행사 추진,#수산물 #환급행사 #정책프로모션 
9,E&E 사업부,이벤트&엑스포 2팀,2025 고향 사랑의 날 기념식 ,2025,"2025-11-19, 2025-09-04","2025-11-21, 2025-09-04",행정안전부(MOIS),"전시홍보관, 이벤트",정책/행정/국방/소방/안전,행정안전부(MOIS),행정안전부(MOIS),"제3회 고향사랑의 날을 맞이하여, 9월 4일 공식 기념식 및 11월 19일 ~ 23일 3일 간, 고향사랑기부제에 대한 각 지자체의 고향사랑기부 정책 및 답례품 홍보의 장 마련 ",#고향사랑기부제 #고향사랑 #행안부 
10,E&E 사업부,전시 1팀,UNFCCC COP30 한국홍보관,2025,2025-11-10,2025-11-21,한국환경산업기술원(KEITI),"전시, 전시홍보관",에너지/환경,환경부(ME),한국환경산업기술원(KEITI),,
11,공간 사업부,놀이터사업팀,강릉주문진 문화교육센터 2층 리모델링 실시설계용역 (놀이시설),2025,2025-08-20,2025-11-18,앤탑건축사무소,공간사업(놀이터),건설/건축/인테리어,앤탑건축사무소,앤탑건축사무소,,
12,컨벤션 사업부,컨벤션 2팀,2025년 APEC 경제행사 대행 용역,2025,2025-10-29,2025-11-02,경상북도,"국제회의, 비즈니스 행사",기타,경상북도,경상북도,"특별만찬, K-비즈니스 라운지 내 경북도 MOU 운영 및 관광프로그램 운영 ",#APEC #APECCEOSUMMIT #경제 
13,E&E 사업부,이벤트&엑스포 2팀,2025년 수산물 직거래 · 유통 상생 대축제 운영 ,2025,2025-10-31,2025-11-02,한국수산회,"비즈니스 행사, 이벤트",농수축산/식음료,해양수산부(MOF),한국수산회,"2025년 대한민국 수산대전의 일환으로, 생산자 직거래(B2C)에서 유통 바이어(B2B)까지 확장하여 지속 가능한 상생형 유통모델을 마련",#수산물 #수산물판매촉진 #지속가능한상생유통모델 #직거래장터
14,컨벤션 사업부,컨벤션 2팀,APEC 정상회의 주간 3개국 양자 방한 경주 행사장 조성 용역,2025,"2025-10-29, 2025-10-29, 2025-10-29","2025-11-01, 2025-11-01, 2025-10-29",외교부(MOFA),국제회의,정책/행정/국방/소방/안전,외교부(MOFA),외교부(MOFA),"3개국 방한 환영식 및 양자회담, 영부인 친교행사, 환영만찬 등",#APEC #양자회담 #환영식 #오찬회담 #한미회담 #한중회담 #한캐회담
15,컨벤션 사업부,컨벤션 1팀,한화 퓨처 테크 포럼,2025,2025-10-27,2025-10-27,㈜제일기획,기업회의,정책/행정/국방/소방/안전,"대한상공회의소(KCCI), 산업통상자원부(MOTIE)",한화에어로스페이스,"K-방산 및 평화를 위한 첨단 기술의 방향을 제시한 포럼. 주요프로그램: 개회식, 기조연설, 패널토론, 환영만찬 ",#방산
16,컨벤션 사업부,컨벤션 4팀,2025 세계올림픽도시연맹 총회,2025,2025-10-22,2025-10-25,2018평창기념재단,국제회의,관광/레저/스포츠,평창군,2018평창기념재단,"올림픽 도시대표단과 IOC, 국제스포츠 전문가들이 한자리에 모여, 올림픽 유산 활성화 사례를 공유하고 협력을 논의하는 국제회의",
17,공간 사업부,놀이터사업팀,로얄새들클럽하우스 실내놀이터 추가 건,2025,2025-08-27,2025-10-20,한화넥스트,공간사업(놀이터),건설/건축/인테리어,한화넥스트,한화넥스트,,
18,E&E 사업부,이벤트&엑스포 3팀,2025년 글로벌콘텐츠페스티벌 in 순천,2025,2025-10-17,2025-10-19,순천시,"비즈니스 행사, 전시, 이벤트",문화/예술/디자인/콘텐츠/영상/광고,순천시,순천시," ❍ 행 사 명 : 글로벌 콘텐츠 페스티벌 in 순천(부제:올텐가 All Content Garden)  ❍ 일    시 : 2025. 10. 17.(금) ~ 10. 19.(일) / 3일간  ❍ 장    소 : 오천그린광장, 그린아일랜드, 정원워케이션 등   ❍ 주요내용 : B2C & B2B가 융복합된 종합 문화콘텐츠 축제",#오천그린광장 #올텐가 #콘텐츠페스티벌 #지브리OST오케스트라 #로커스순천 #루미뚱이 #일러스타페스
19,MICE Tech 사업 본부,MICE Tech 사업 본부,2025 글로벌 문화콘텐츠 산업전 in 순천 비즈니스 상담 업무 추진,2025,2025-10-17,2025-10-19,㈜플라잉베어,비즈니스 행사,문화/예술/디자인/콘텐츠/영상/광고,순천시,순천시,,
20,E&E 사업부,전시 2팀,2025년 추석맞이 농축산물 할인지원 전통시장 환급행사,2025,2025-10-01,2025-10-05,한국농수산식품유통공사(aT),프로모션,농수축산/식음료,한국농수산식품유통공사(aT),한국농수산식품유통공사(aT),목적: 전통시장에서 농축산물 할인지원사업 이용이 어려운 고령층 등에게 사업혜택 제공을 위해 국산 농축산물 구매자 대상 현장 환급 할인행사 추진 / 지원내용: 참여시장 내 지정점포에서 국내산 신선 농축산물 구매금액의 최대 30% 를 온누리상품권(지류)로 환급(기간 중 최대 2만원 환급) / 대상 품목: 국내산 신선 농축산물 전품목,#농축산물 #환급행사 #농축산 #국내산 #온누리상품권 #전통시장
21,E&E 사업부,전시 1팀,2025 K-GEO Festa,2025,2025-09-24,2025-09-26,한국국토정보공사(LX),"국제회의, 비즈니스 행사, 전시",전자/정보통신/방송장비/스마트,국토교통부(MOLIT),"한국공간정보산업협동조합, 한국공간정보산업협회(KASM), 한국국토정보공사(LX), 한국도로공사(KEC), 공간정보산업진흥원(SpaceN), 공간정보품질관리원(SIQMS), 국토연구원(KRIHS)",,
22,MICE Tech 사업 본부,MICE Tech 사업 본부,SPP 국제콘텐츠마켓 2025 운영 용역,2025,2025-09-24,2025-09-26,서울경제진흥원,비즈니스 행사,문화/예술/디자인/콘텐츠/영상/광고,서울경제진흥원,서울경제진흥원,,
23,MICE Tech 사업 본부,MICE Tech 사업 본부,2025 월드 시티테크 엑스포 행사 대행 용역,2025,2025-09-24,2025-09-26,킨텍스(KINTEX),엑스포,과학/기술서비스,"킨텍스(KINTEX), 경기주택도시공사","사단법인 한국스마트빌리지협회, 대한무역투자진흥공사(KOTRA)",,
24,공간 사업부,놀이터사업팀,은평아이맘놀이터 2~4호점 운영안내 사인물 제작 및 설치 ,2025,2025-05-28,2025-09-24,은평구,공간사업(놀이터),건설/건축/인테리어,은평구,은평구,,
25,컨벤션 사업부,컨벤션 2팀,2025 APEC 중소기업실무그룹 워크숍,2025,2025-09-01,2025-09-05,중소벤처기업진흥공단(KOSME),국제회의,정책/행정/국방/소방/안전,중소벤처기업부(MSS),중소벤처기업진흥공단(KOSME),2025 APEC 중소기업 디지털 전환의 현황과 전망 포럼 및 2025 APEC 중소기업 혁신센터 20주년 기념식,#포럼 #중소기업 #중소벤처기업부 #APEC #중소벤처기업진흥공단 #APEC중소기업혁신센터 #기념식 
26,컨벤션 사업부,컨벤션 2팀,APEC 중소기업 장관회의,2025,2025-09-01,2025-09-05,중소벤처기업부(MSS),"국제회의, 기타",정책/행정/국방/소방/안전,중소벤처기업부(MSS),중소벤처기업부(MSS)," APEC 중소기업장관회의 및 필드트립, 오만찬, 공동기자회견",#장관회의 #중소기업 #중소벤처기업부 #APEC 
27,MICE Tech 사업 본부,MICE Tech 사업 본부,2025년 K-콘텐츠 엑스포 개최(1차) 위탁용역,2025,"2025-07-22, 2025-09-03","2025-07-24, 2025-09-05",한국콘텐츠진흥원(KOCCA),비즈니스 행사,문화/예술/디자인/콘텐츠/영상/광고,한국콘텐츠진흥원(KOCCA),한국콘텐츠진흥원(KOCCA),,
28,공간 사업부,놀이터사업팀,"은평아이맘놀이터 2호점,3호점 바닥 및 보완공사",2025,"2025-07-23, 2025-07-23","2025-08-16, 2025-08-16",은평구,공간사업(놀이터),건설/건축/인테리어,은평구,은평구,,
29,E&E 사업부,이벤트&엑스포 2팀,국민소통 행사 ,2025,"2025-07-23, 2025-08-13","2025-07-23, 2025-08-13",국정기획위원회,"이벤트, 프로모션",정책/행정/국방/소방/안전,국정기획위원회,국정기획위원회,국정기획위원회가 국민과 함께 수립한 이재명 정부의 국정과제를 국민의 대표(VIP)와 국민에게 보고하고 정부 관계자들과 공유하는 등 이재명 정부의 국정과제 발표 및 국민의 다양한 의견 소개가 펼쳐지는 장 마련 ,#보고회 #국정기획위원회 #새정부 #국민 
30,공간 사업부,놀이터사업팀,로얄새들승마클럽하우스 놀이시설 설계 및 제작,2025,2025-05-19,2025-07-31,한화넥스트,공간사업(놀이터),건설/건축/인테리어,한화넥스트,한화넥스트,"<네버랜드> 스토리를 담은 조성된 VIP 개인놀이터. 개인의 니즈를 반영하여 설계되었으며, 정글 언덕, 발달 그네, 조작놀이 등 다양한 활동이 가능하도록 구성하고 놀이와 인테리어가 조화를 이루는 공간으로 마련됨.","네버랜드, 실내놀이터, 신체놀이"
31,E&E 사업부,이벤트&엑스포 1팀,2025 월드 스마트시티 엑스포 (WSCE 2025),2025,2025-07-15,2025-07-17,국토교통부(MOLIT),"국제회의, 학술회의, 비즈니스 행사, 전시, 이벤트",과학/기술서비스,"과학기술정보통신부(MSIT), 국토교통부(MOLIT)","한국수자원공사(K-water), 한국토지주택공사(LH), 스마트도시협회, 벡스코(BEXCO), 부산광역시",,
32,공간 사업부,놀이터사업팀,서울형 키즈카페 창3동점 징검다리 그물 추가 제작 설치,2025,2025-06-11,2025-07-11,도봉구,공간사업(놀이터),건설/건축/인테리어,도봉구,도봉구,,
33,공간 사업부,놀이터사업팀,동대문구 새샘근린공원 실내놀이터 놀이공간 설계제작 및 설치사업,2024,2024-06-03,2025-06-30,동대문구,공간사업(놀이터),건설/건축/인테리어,동대문구,동대문구,,
34,E&E 사업부,전시 1팀,"NextRise 2025, Seoul",2025,2025-06-26,2025-06-27,한국산업은행(KDB),"비즈니스 행사, 전시",창업/취업/스타트업/비즈니스,한국산업은행(KDB),한국산업은행(KDB),"벤처스타트업의 열린 사업협력과 투자유치 지원을 목적으로 개최되는 아시아 최대 규모 글로벌 스타트업 페어로 부스전시, 1:1밋업, 컨퍼런스, 피칭, 어워즈, 네트워킹, 채용설명회, 창업세미나, 파트너행사 등 프로그램 개최",#스타트업 #벤처
35,E&E 사업부,이벤트&엑스포 1팀,2025년 세계 환경의 날,2025,2025-06-04,2025-06-05,환경부(ME),"기타회의, 전시홍보관, 이벤트",에너지/환경,"유엔환경계획(UNEP), 환경부(ME)","유엔환경계획(UNEP), 환경부(ME)",,
36,E&E 사업부,이벤트&엑스포 2팀,대한민국 동행축제 '세종행사' 연계 수산물 판매촉진행사,2025,2025-05-02,2025-05-04,한국수산회,프로모션,농수축산/식음료,해양수산부(MOF),한국수산회,"대한민국 동행축제와 연계하여, 지역사회 행사 참여 및 수산물 소비 촉진 ",#정책프로모션 #수산물판매촉진 
37,공간 사업부,놀이터사업팀,서울형 키즈카페 송파구 방이동점 가구 제작 납품,2025,2025-03-02,2025-04-30,하하호호 방이 임마누엘,공간사업(놀이터),건설/건축/인테리어,하하호호 방이 임마누엘,하하호호 방이 임마누엘,서울형 키즈카페 송파구 방이동점 가구 제작 납품,가구제작
38,컨벤션 사업부,컨벤션 1팀,제10차 아워오션 컨퍼런스(OOC),2025,2025-04-28,2025-04-30,해양수산부(MOF),국제회의,에너지/환경,"해양수산부(MOF), 부산광역시","해양수산부(MOF), 부산광역시","해양분야 전 주제(해양보호구역, 해양오염, 기후변화, 지속 가능한 어업, 해양경제, 해양안보)에 대한 논의를 하는 국제회의","해양, 해양보호, 국제회의"
39,공간 사업부,놀이터사업팀,영등포구 서울형 키즈카페(여의동점) 설계 용역,2025,2024-11-26,2025-04-30,JP건축사사무소,공간사업(놀이터),건설/건축/인테리어,영등포구,영등포구,,
40,공간 사업부,놀이터사업팀,중랑구 공공형 실내놀이터 3호점 놀이구조물 설계 및 제작,2025,2024-12-13,2025-04-30,중랑구,공간사업(놀이터),건설/건축/인테리어,중랑구,중랑구,,
41,E&E 사업부,이벤트&엑스포 1팀,환경 협력 네트워크 구축을 위한 주한공관장 초청 간담회,2025,2025-04-28,2025-04-28,환경부(ME),기타회의,에너지/환경,"유엔환경계획(UNEP), 환경부(ME)","유엔환경계획(UNEP), 환경부(ME)",,
42,공간 사업부,놀이터사업팀,위례 포레나송파 서울형키즈카페 공사,2025,"2024-12-12, 2025-02-28","2025-04-27, 2025-04-07",(주)이지오종합건설,공간사업(놀이터),건설/건축/인테리어,송파구,송파구,,
43,공간 사업부,놀이터사업팀,위례 포레나송파 서울형키즈카페 공사,2025,"2024-12-12, 2025-02-28","2025-04-27, 2025-04-07",하하호호놀이터 포레나송파,공간사업(놀이터),건설/건축/인테리어,송파구,송파구,,
44,E&E 사업부,이벤트&엑스포 2팀,2025 대한민국 수산대전 - 찾아가는 직거래 장터,2025,2025-04-09,2025-04-09,한국수산회,프로모션,농수축산/식음료,해양수산부(MOF),한국수산회,‘찾아가는 직거래 장터’ 개최를 통한 소비자와 생산자 간 직거래 활성화로 생산자 판로 확대 및 어업인 수익성 증대 및 체험 행사 등을 통한 소비자 참여 유도 및 국산 수산물 소비 촉진,#수산물 #수산물판매촉진 #수산물유통 #직거래장터 
45,공간 사업부,놀이터사업팀,로얄새들승마클럽하우스 사무실 철거 용역,2025,2025-03-12,2025-03-31,한화넥스트,공간사업(놀이터),건설/건축/인테리어,한화넥스트,한화넥스트,"주거지 내에 조성되어 영유아가 안전하게 이용하며, 다양한 신체활동을 일상처럼 경험할 수 있는 퍼스널 놀이터",#실내놀이터
46,컨벤션 사업부,컨벤션 4팀,Korea Builder Summit,2025,2025-03-19,2025-03-19,앤트로픽,기업회의,전자/정보통신/방송장비/스마트,앤트로픽,앤트로픽,"대화형 AI 시스템인 Claude 를 개발한 앤트로픽의 한국 최초 개최하는 공식 행사. 한국의 AI 개발자, 기술 리더가 모여 AI 기술의 현재와 미래를 논의하는 장. ",# AI #Anthropic  #Claude #Coxwave
47,공간 사업부,놀이터사업팀,중랑실내놀이터 양원점 소방관련 시설보수공사,2025,2024-12-23,2025-02-14,커넥팅더닷츠 주식회사,공간사업(놀이터),건설/건축/인테리어,중랑구,중랑구,,
48,공간 사업부,놀이터사업팀,은평구 서울형 키즈카페 2호점 놀이공간 조성공사 중 놀이기구설치공사,2025,2024-11-08,2025-02-05,(주)디앤에스종합건설,공간사업(놀이터),건설/건축/인테리어,은평구,은평구,,
49,공간 사업부,놀이터사업팀,서울형 키즈카페 노리몽땅 장충점 조성공사 설계용역,2025,2024-11-26,2025-01-18,JP건축사사무소,공간사업(놀이터),건설/건축/인테리어,중구,중구,,
50,컨벤션 사업부,컨벤션 2팀,제9회 세계태양광총회(WCPEC-9) 사전 홍보,2024,2024-07-15,2024-12-31,한국태양광발전학회(KPVS),기타,에너지/환경,대전광역시,한국태양광발전학회(KPVS),,
51,공간 사업부,놀이터사업팀,"서울형 키즈카페 도봉구 도봉2동 2호점 놀이공간 설계 및 기구 제작, 설치",2024,2024-03-25,2024-12-13,도봉구,공간사업(놀이터),건설/건축/인테리어,도봉구,도봉구,,
52,공간 사업부,놀이터사업팀,서울형 키즈카페 3호점 놀이공간 조성공사,2024,2024-11-04,2024-12-10,(주)다승,공간사업(놀이터),건설/건축/인테리어,은평구,은평구,,
53,E&E 사업부,전시 2팀,2024 순환경제 페스티벌,2024,2024-12-04,2024-12-06,한국생산기술연구원(KITECH),"비즈니스 행사, 전시, 전시홍보관",에너지/환경,산업통상자원부(MOTIE),"한국산업연합포럼(KIAF), 한국생산기술연구원(KITECH)",,
54,공간 사업부,놀이터사업팀,서울형 키즈카페 노리몽땅 신당점 조성공사 설계용역,2024,2024-12-01,2024-11-30,중구,공간사업(놀이터),건설/건축/인테리어,중구,중구,,
55,공간 사업부,놀이터사업팀,"도봉구 서울형 키즈카페(창3동점) 놀이공간 설계 및 기구 제작, 설치",2024,2023-10-10,2024-11-29,도봉구,공간사업(놀이터),건설/건축/인테리어,도봉구,도봉구,,
56,컨벤션 사업부,컨벤션 1팀,2024 콘텐츠 IP 마켓,2024,2024-11-19,2024-11-21,한국콘텐츠진흥원(KOCCA),"비즈니스 행사, 전시",문화/예술/디자인/콘텐츠/영상/광고,문화체육관광부(MCST),한국콘텐츠진흥원(KOCCA),,
57,E&E 사업부,이벤트&엑스포 1팀,2024 대한민국 정부 박람회,2024,2024-11-13,2024-11-15,행정안전부(MOIS),"전시, 전시홍보관, 이벤트",기타,"행정안전부(MOIS), 디지털플랫폼정부위원회",행정안전부(MOIS),,
58,E&E 사업부,이벤트&엑스포 1팀,2024 디지털플랫폼정부 박람회,2024,2024-11-13,2024-11-15,디지털플랫폼정부위원회,"전시, 전시홍보관, 이벤트",기타,"행정안전부(MOIS), 디지털플랫폼정부위원회",행정안전부(MOIS),,
59,스마트플랫폼사업본부,플랫폼 프로젝트팀,2024 방송영상제작사 해외홍보행사 위탁용역,2024,"2024-11-12, 2024-11-07, 2024-09-24","2024-11-13, 2024-11-08, 2024-09-25",한국콘텐츠진흥원(KOCCA),비즈니스 행사,문화/예술/디자인/콘텐츠/영상/광고,한국콘텐츠진흥원(KOCCA),한국콘텐츠진흥원(KOCCA),,
60,E&E 사업부,전시 1팀,2024 대한민국 농업박람회 및 농업인의날 기념식,2024,"2024-09-05, 2024-11-11","2024-09-08, 2024-11-11",농림수산식품교육문화정보원(EPIS),"전시, 전시홍보관",농수축산/식음료,농림축산식품부(MAFRA),농림수산식품교육문화정보원(EPIS),,
61,컨벤션 사업부,컨벤션 3팀,BIXPO 2024,2024,2024-11-06,2024-11-08,한국전력공사(KEPCO),"국제회의, 비즈니스 행사, 전시, 전시홍보관, 이벤트",에너지/환경,한국전력공사(KEPCO),한국전력공사(KEPCO),,
62,공간 사업부,놀이터사업팀,"강릉시 유천 공공형 실내 놀이터 및 시간제보육실 설계 및 기구 제작, 설치",2024,2024-04-29,2024-11-04,강릉시,공간사업(놀이터),건설/건축/인테리어,강릉시,강릉시,,
63,컨벤션 사업부,컨벤션 2팀,제17차 한-중앙아 협력 포럼,2024,2024-11-04,2024-11-04,외교부(MOFA),국제회의,정책/행정/국방/소방/안전,외교부(MOFA),외교부(MOFA),,
64,E&E 사업부,이벤트&엑스포 1팀,2024 글로벌 콘텐츠 페스티벌 in 순천,2024,2024-11-02,2024-11-03,순천시,"비즈니스 행사, 전시, 이벤트",문화/예술/디자인/콘텐츠/영상/광고,순천시,순천시,,
65,스마트플랫폼사업본부,프로젝트팀,SPP 국제콘텐츠마켓 2024,2024,2024-10-23,2024-10-24,서울경제진흥원,비즈니스 행사,문화/예술/디자인/콘텐츠/영상/광고,서울경제진흥원,서울경제진흥원,,
66,컨벤션 사업부,컨벤션 1팀,제25차 3국 환경장관회의(TEMM25),2024,2024-09-27,2024-09-29,환경부(ME),국제회의,에너지/환경,환경부(ME),환경부(ME),,
67,컨벤션 사업부,컨벤션 2팀,제10차 건강도시연맹 세계총회,2024,2024-09-25,2024-09-27,서울특별시,"국제회의, 전시, 전시홍보관",인문/사회/경제/역사/법/남북,건강도시연맹(AFHC),서울특별시,,
68,E&E 사업부,이벤트&엑스포 1팀,2024년 상생할인 지원사업 온누리 상품권 환급행사,2024,2024-02-01,2024-09-15,한국수산회,이벤트,농수축산/식음료,한국수산회,한국수산회,,
69,컨벤션 사업부,컨벤션 3팀,제2차 인공지능의 군사적 이용에 관한 고위급 회의 (2024 REAIM 고위급회의),2024,2024-09-09,2024-09-10,외교부(MOFA),국제회의,정책/행정/국방/소방/안전,"외교부(MOFA), 국방부(MND)","외교부(MOFA), 국방부(MND)",,
70,E&E 사업부,이벤트&엑스포 2팀,2024 월드 스마트시티 엑스포,2024,2024-09-03,2024-09-05,킨텍스(KINTEX),"국제회의, 학술회의, 비즈니스 행사, 전시, 엑스포, 이벤트",과학/기술서비스,"과학기술정보통신부(MSIT), 국토교통부(MOLIT)","킨텍스(KINTEX), 한국수자원공사(K-water), 한국토지주택공사(LH), 스마트도시협회",,
71,E&E 사업부,이벤트&엑스포 2팀,2024 월드 스마트시티 엑스포,2024,2024-09-03,2024-09-05,한국수자원공사(K-water),"국제회의, 학술회의, 비즈니스 행사, 전시, 엑스포, 이벤트",과학/기술서비스,"과학기술정보통신부(MSIT), 국토교통부(MOLIT)","킨텍스(KINTEX), 한국수자원공사(K-water), 한국토지주택공사(LH), 스마트도시협회",,
72,E&E 사업부,이벤트&엑스포 2팀,2024 월드 스마트시티 엑스포,2024,2024-09-03,2024-09-05,한국토지주택공사(LH),"국제회의, 학술회의, 비즈니스 행사, 전시, 엑스포, 이벤트",과학/기술서비스,"과학기술정보통신부(MSIT), 국토교통부(MOLIT)","킨텍스(KINTEX), 한국수자원공사(K-water), 한국토지주택공사(LH), 스마트도시협회",,
73,E&E 사업부,이벤트&엑스포 2팀,2024 월드 스마트시티 엑스포,2024,2024-09-03,2024-09-05,국토교통부(MOLIT),"국제회의, 학술회의, 비즈니스 행사, 전시, 엑스포, 이벤트",과학/기술서비스,"과학기술정보통신부(MSIT), 국토교통부(MOLIT)","킨텍스(KINTEX), 한국수자원공사(K-water), 한국토지주택공사(LH), 스마트도시협회",,
74,컨벤션 사업부,컨벤션 2팀,GPVC 2024,2024,2024-08-11,2024-08-14,한국태양광발전학회(KPVS),"학술회의, 전시",에너지/환경,한국태양광발전학회(KPVS),한국태양광발전학회(KPVS),,
75,컨벤션 사업부,컨벤션 1팀,2025 세계올림픽도시연맹 총회 유치 제안서 제작 용역,2024,2024-06-12,2024-08-12,평창군,유치용역,관광/레저/스포츠,,,,
76,컨벤션 사업부,컨벤션 1팀,제16차 한베트남 환경장관회의,2024,2024-07-01,2024-07-01,환경부(ME),기타,에너지/환경,환경부(ME),환경부(ME),,
77,컨벤션 사업부,컨벤션 1팀,2025 APEC 정상회의 인천 유치공모 추진,2024,2023-09-27,2024-06-21,인천관광공사(ITO),기타,인문/사회/경제/역사/법/남북,인천관광공사(ITO),인천관광공사(ITO),,
78,공간 사업부,놀이터사업팀,노원구 중평어린이공원 실내놀이터,2024,2023-07-14,2024-06-14,노원구,공간사업(놀이터),건설/건축/인테리어,노원구,노원구,,
79,E&E 사업부,전시 1팀,"NextRise 2024, Seoul",2024,2024-06-13,2024-06-14,한국산업은행(KDB),"비즈니스 행사, 전시, 국제이벤트",창업/취업/스타트업/비즈니스,한국산업은행(KDB),한국산업은행(KDB),,
80,E&E 사업부,전시 1팀,글로벌 농업 ODA 포럼 (2024 한·아프리카 농업 컨퍼런스),2024,2024-06-05,2024-06-05,농림축산식품부(MAFRA),"학술회의, 국제이벤트",농수축산/식음료,"농림축산식품부(MAFRA), 농촌진흥청(RDA)","한국농어촌공사(KRC), 한국농촌경제연구원(KREI)",,
81,E&E 사업부,전시 2팀,2024 국제농업협력 정책 홍보 및 행사,2024,2024-06-05,2024-06-05,한국농어촌공사(KRC),기타,농수축산/식음료,"농림축산식품부(MAFRA), 농촌진흥청(RDA)","한국농어촌공사(KRC), 한국농촌경제연구원(KREI)",,
82,컨벤션 사업부,컨벤션 2팀 ,AI 서울정상회의 및 AI 글로벌 포럼 (AI 글로벌 포럼),2024,2024-05-22,2024-05-22,한국지능정보사회진흥원(NIA),국제회의,전자/정보통신/방송장비/스마트,과학기술정보통신부(MSIT),한국지능정보사회진흥원(NIA),,
83,컨벤션 사업부,컨벤션 2팀 ,AI 서울정상회의 및 AI 글로벌 포럼 (AI 서울정상회의),2024,2024-05-21,2024-05-22,과학기술정보통신부(MSIT),국제회의,기타,과학기술정보통신부(MSIT),과학기술정보통신부(MSIT),,
84,공간 사업부,놀이터사업팀,중랑구 공공형 실내놀이터 2호점 놀이구조물 설계 및 제작,2024,2023-05-08,2024-05-17,중랑구,공간사업(놀이터),건설/건축/인테리어,중랑구,중랑구,,
85,E&E 사업부,이벤트&엑스포 1팀,2024년 국산 농축산물 온누리 상품권 환급행사,2024,2024-03-20,2024-04-12,한국수산회,"이벤트, 기타",농수축산/식음료,농림축산식품부(MAFRA),한국농수산식품유통공사(aT),,
86,E&E 사업부,이벤트&엑스포 1팀,2024년 수산물 소비촉진(어식백세 캠페인) 사업,2024,2024-03-04,2024-04-05,한국수산회,기타,농수축산/식음료,해양수산부(MOF),해양수산부(MOF),,
87,컨벤션 사업부,컨벤션 1팀,제3차 민주주의 정상회의,2024,"2024-03-18, 2024-03-18","2024-03-20, 2024-03-20",외교부(MOFA),"국제회의, 기타회의",인문/사회/경제/역사/법/남북,대한민국 정부,제3차 민주주의 정상회의 준비기획단,,
88,E&E 사업부,이벤트&엑스포 1팀,2024년 이달의 수산물 홍보 포스터 제작 및 배포,2024,2024-01-30,2024-03-04,한국수산회,기타,농수축산/식음료,해양수산부(MOF),해양수산부(MOF),,
89,공간 사업부,공간사업실,2023 전통놀이 문화공간 우리놀이터 대전 공간 조성,2023,2023-07-14,2023-12-31,한국공예디자인문화진흥원(KCDF),공간사업(놀이터),건설/건축/인테리어,문화체육관광부(MCST),한국공예디자인문화진흥원(KCDF),,
90,공간 사업부,공간사업실,공공형 실내놀이터(오르봉내리봉) 수선,2023,2023-12-01,2023-12-22,도봉구,공간사업(놀이터),건설/건축/인테리어,도봉구,도봉구,,
91,E&E 사업부,이벤트&엑스포 1팀,2023 열린관광 아태지역 포럼 및 지역관광 활성화 국제관광포럼,2023,"2023-12-11, 2023-12-13","2023-12-12, 2023-12-15",한국관광공사(KTO),국제회의,관광/레저/스포츠,문화체육관광부(MCST),한국관광공사(KTO),,
92,컨벤션 사업부,컨벤션 1팀,콘텐츠 IP 마켓 2023,2023,2023-11-28,2023-11-30,한국콘텐츠진흥원(KOCCA),"비즈니스 행사, 전시",문화/예술/디자인/콘텐츠/영상/광고,문화체육관광부(MCST),한국콘텐츠진흥원(KOCCA),,
93,E&E 사업부,전시 1팀,2023 웹툰 잡 페스타,2023,2023-11-28,2023-11-30,한국콘텐츠진흥원(KOCCA),"비즈니스 행사, 전시, 이벤트",문화/예술/디자인/콘텐츠/영상/광고,문화체육관광부(MCST),한국콘텐츠진흥원(KOCCA),,
94,E&E 사업부,전시 2팀,2023 대한민국 순환경제 페스티벌,2023,2023-11-29,2023-11-30,한국생산기술연구원(KITECH),"비즈니스 행사, 전시",금속/기계/소재/장비/비금속,산업통상자원부(MOTIE),"한국산업연합포럼(KIAF), 한국생산기술연구원(KITECH)",,
95,E&E 사업부,전시 2팀,2023 대한민국 순환경제 페스티벌,2023,2023-11-29,2023-11-30,한국산업연합포럼(KIAF),"비즈니스 행사, 전시",금속/기계/소재/장비/비금속,산업통상자원부(MOTIE),"한국산업연합포럼(KIAF), 한국생산기술연구원(KITECH)",,
96,E&E 사업부,이벤트&엑스포 1팀,2023 대한민국 정부 박람회,2023,2023-11-23,2023-11-25,행정안전부(MOIS),"기타회의, 전시, 전시홍보관, 이벤트",정책/행정/국방/소방/안전,"행정안전부(MOIS), 디지털플랫폼정부위원회","행정안전부(MOIS), 디지털플랫폼정부위원회",,
97,E&E 사업부,전시 1팀,2023 대한민국 관광공모전(기념품 부문) 및 관광기념픔 박람회,2023,2023-11-24,2023-11-25,한국관광공사(KTO),전시,관광/레저/스포츠,문화체육관광부(MCST),한국관광공사(KTO),,
98,E&E 사업부,이벤트&엑스포 1팀,2023년 디지털플랫폼정부 엑스포,2023,2023-11-23,2023-11-25,디지털플랫폼정부위원회,"기타회의, 전시, 전시홍보관, 이벤트",정책/행정/국방/소방/안전,"행정안전부(MOIS), 디지털플랫폼정부위원회",행정안전부(MOIS),,
99,컨벤션 사업부,컨벤션 2팀 ,2023 글로벌 코리아 포럼,2023,2023-11-20,2023-11-23,경제·인문사회연구회(NRC),"국제회의, 학술회의, 전시홍보관",인문/사회/경제/역사/법/남북,경제·인문사회연구회(NRC),경제·인문사회연구회(NRC),,
100,E&E 사업부,이벤트&엑스포 1팀,기술경영경제학회 31주년 기념 포럼 및 시상식,2023,2023-11-03,2023-11-03,기술경영경제학회,학술회의,과학/기술서비스,"카카오(kakao), 한국산업기술진흥협회(KOITA), 한양대학교 기술경영전문대학원, 경희대학교 테크노경영대학원, 다온에이치앤에스(다온H&S), 매일방송(MBN), 서강대학교 기술경영전문대학원, 성균관대학교 기술경영전문대학원, 연세대학교",기술경영경제학회,,
101,컨벤션 사업부,컨벤션 2팀 ,제33차 아시아광고대회 (AdAsia 2023 Seoul) ,2023,2023-10-24,2023-10-27,한국광고총연합회(KFAA),"국제회의, 비즈니스 행사, 전시",문화/예술/디자인/콘텐츠/영상/광고,"아시아광고연맹(AFAA), 애드아시아 2023 서울 조직위원회",한국광고총연합회(KFAA),,
102,E&E 사업부,이벤트&엑스포 1팀,2023 월드 스마트시티 엑스포,2023,2023-09-06,2023-09-08,국토교통부(MOLIT),"국제회의, 비즈니스 행사, 엑스포",과학/기술서비스,"과학기술정보통신부(MSIT), 국토교통부(MOLIT)","킨텍스(KINTEX), 한국수자원공사(K-water), 한국토지주택공사(LH)",,
103,E&E 사업부,이벤트&엑스포 1팀,2023 월드 스마트시티 엑스포,2023,2023-09-06,2023-09-08,한국토지주택공사(LH),"국제회의, 비즈니스 행사, 엑스포",과학/기술서비스,"과학기술정보통신부(MSIT), 국토교통부(MOLIT)","킨텍스(KINTEX), 한국수자원공사(K-water), 한국토지주택공사(LH)",,
104,E&E 사업부,이벤트&엑스포 1팀,2023 월드 스마트시티 엑스포,2023,2023-09-06,2023-09-08,한국수자원공사(K-water),"국제회의, 비즈니스 행사, 엑스포",과학/기술서비스,"과학기술정보통신부(MSIT), 국토교통부(MOLIT)","킨텍스(KINTEX), 한국수자원공사(K-water), 한국토지주택공사(LH)",,
105,E&E 사업부,전시 2팀,제1회 고향사랑의 날 기념식 및 고향사랑기부제 박람회,2023,2023-09-02,2023-09-04,행정안전부(MOIS),"전시, 이벤트",정책/행정/국방/소방/안전,행정안전부(MOIS),행정안전부(MOIS),,
106,컨벤션 사업부,컨벤션 1팀,2023 유엔기후변화협약 적응주간,2023,2023-08-28,2023-09-01,한국환경연구원(KEI),국제회의,에너지/환경,환경부(ME),"유엔기후변화협약(UNFCCC), 유엔환경계획(UNEP), 인천광역시, 국가기후위기적응센터(KACCC), 아·태 적응 네트워크(APAN)",,
107,컨벤션 사업부,컨벤션 3팀,2023 국제방송영상마켓 (BCWW 2023),2023,2023-08-16,2023-08-18,한국콘텐츠진흥원(KOCCA),전시,문화/예술/디자인/콘텐츠/영상/광고,문화체육관광부(MCST),한국콘텐츠진흥원(KOCCA),,
108,공간 사업부,공간사업실,강북구 공공형 실내놀이터 설계 및 기구 제작 설치,2023,2022-07-15,2023-07-31,강북구,공간사업(놀이터),건설/건축/인테리어,강북구,강북구,,
109,공간 사업부,놀이터사업팀,강서(6호점) 거점형 키움센터 키즈카페 설계용역,2023,2023-02-03,2023-06-27,(주)건축사사무소 모도건축,공간사업(놀이터),건설/건축/인테리어,서울특별시,없음,,
110,E&E 사업부,이벤트&엑스포 2팀,2023년 WAVE홍보_디지털 구축 운영,2023,"2023-04-17, 2023-04-17","2023-06-03, 2023-06-03",이노션,기타,문화/예술/디자인/콘텐츠/영상/광고,대한상공회의소(KCCI),이노션,,
111,E&E 사업부,전시 1팀,"NextRise 2023, Seoul",2023,2023-06-01,2023-06-02,한국산업은행(KDB),"비즈니스 행사, 전시, 이벤트",창업/취업/스타트업/비즈니스,"한국무역협회(KITA), 한국벤처캐피탈협회(KVCA), 한국산업은행(KDB), 국가과학기술연구회(NST), 벤처기업협회(KOVA)","한국무역협회(KITA), 한국벤처캐피탈협회(KVCA), 한국산업은행(KDB), 국가과학기술연구회(NST), 벤처기업협회(KOVA)",,
112,컨벤션 사업부,컨벤션 1팀,2023 기후산업 국제박람회,2023,2023-05-25,2023-05-27,한국에너지공단,국제회의,에너지/환경,"2030부산세계박람회유치위원회, 외교부(MOFA), 중소벤처기업부(MSS), 탄소중립녹색성장위원회, 한국과학기술연구원(KIST), 한국교통안전공단(TS), 한국무역협회(KITA), 한국산업지능화협회(KOIIA), 한국생산기술연구원(KITECH), 한국에너지공단, 한국자동차모빌리티산업협회(KAMA), 한국해양과학기술원(KIOST), 한국환경산업기술원(KEITI), 해양수산부(MOF), 행정안전부(MOIS), 환경부(ME), 과학기술정보통신부(MSIT), 국토교통과학기술진흥원(KAIA), 국토교통부(MOLIT), 금융위원회(FSC), 대한무역투자진흥공사(KOTRA), 대한상공회의소(KCCI), 벡스코(BEXCO), 부산광역시, 산업통상자원부(MOTIE)","2030부산세계박람회유치위원회, 외교부(MOFA), 중소벤처기업부(MSS), 탄소중립녹색성장위원회, 한국과학기술연구원(KIST), 한국교통안전공단(TS), 한국무역협회(KITA), 한국산업지능화협회(KOIIA), 한국생산기술연구원(KITECH), 한국에너지공단, 한국자동차모빌리티산업협회(KAMA), 한국해양과학기술원(KIOST), 한국환경산업기술원(KEITI), 해양수산부(MOF), 행정안전부(MOIS), 환경부(ME), 과학기술정보통신부(MSIT), 국토교통과학기술진흥원(KAIA), 국토교통부(MOLIT), 금융위원회(FSC), 대한무역투자진흥공사(KOTRA), 대한상공회의소(KCCI), 벡스코(BEXCO), 부산광역시, 산업통상자원부(MOTIE)",,
113,E&E 사업부,이벤트&엑스포 2팀,제2차 국가데이터정책위원회 회의,2023,2023-01-26,2023-04-26,과학기술정보통신부(MSIT),기타회의,정책/행정/국방/소방/안전,과학기술정보통신부(MSIT),과학기술정보통신부(MSIT),,
114,E&E 사업부,전시 1팀,2023 민관합동 도시농업 정책워크숍,2023,2023-04-20,2023-04-21,농림수산식품교육문화정보원(EPIS),기타회의,농수축산/식음료,농림축산식품부(MAFRA),"전국도시농업관리사연합회, 전국도시농업시민협의회, 농림수산식품교육문화정보원(EPIS), 부산광역시",,
115,E&E 사업부,전시 1팀,도시농업의 날 기념식,2023,"2023-04-11, 2023-04-11, 2023-04-11, 2023-04-11, 2023-04-11","2023-04-11, 2023-04-11, 2023-04-11, 2023-04-11, 2023-04-11",농림수산식품교육문화정보원(EPIS),이벤트,농수축산/식음료,농림수산식품교육문화정보원(EPIS),농림수산식품교육문화정보원(EPIS),,
116,E&E 사업부,이벤트&엑스포 1팀,한국콘텐츠진흥원 성과보고회,2023,2023-03-30,2023-03-31,한국콘텐츠진흥원(KOCCA),이벤트,문화/예술/디자인/콘텐츠/영상/광고,한국콘텐츠진흥원(KOCCA),한국콘텐츠진흥원(KOCCA),,
117,컨벤션 사업부,컨벤션 1팀,제2차 민주주의 정상회의 지역회의,2023,2023-03-30,2023-03-30,외교부(MOFA),기타회의,인문/사회/경제/역사/법/남북,외교부(MOFA),외교부(MOFA),,
118,컨벤션 사업부,컨벤션 2팀 ,민주주의 정상회의 본회의(화상) ,2023,"2023-03-29, 2023-03-29","2023-03-29, 2023-03-29",외교부(MOFA),국제회의,기타,외교부(MOFA),외교부(MOFA),,
119,E&E 사업부,이벤트&엑스포 2팀,제50주년 상공의날 기념 WAVE Online Show Case,2023,2023-03-17,2023-03-17,대한상공회의소(KCCI),이벤트,문화/예술/디자인/콘텐츠/영상/광고,대한상공회의소(KCCI),대한상공회의소(KCCI),,
120,E&E 사업부,전시 1팀,KASS 홍보관 구축 (청주공항),2022,2022-06-03,2022-12-31,국토교통부(MOLIT),전시홍보관,운송장비/모빌리티,국토교통부(MOLIT),국토교통부(MOLIT),,
121,컨벤션 사업부,컨벤션 2팀 ,제9차 세계태양광총회(WCPEC-9) 유치,2022,2022-05-20,2022-12-31,한국태양광발전학회(KPVS),유치용역,에너지/환경,"한국관광공사(KTO), 대전관광공사(DJTO)","한국관광공사(KTO), 대전관광공사(DJTO)",,
122,E&E 사업부,이벤트&엑스포 2팀,2022년 정부혁신성과 국민평가회,2022,2022-12-16,2022-12-16,행정안전부(MOIS),이벤트,정책/행정/국방/소방/안전,행정안전부(MOIS),행정안전부(MOIS),,
123,E&E 사업부,전시 1팀,대한민국 관광기념품 공모전 및 박람회,2022,2022-12-02,2022-12-03,한국관광공사(KTO),전시,생활/가정/선물/취미,문화체육관광부(MCST),한국관광공사(KTO),,
124,E&E 사업부,이벤트&엑스포 2팀,제1회 한-사우디 주택협력 포럼,2022,2022-11-29,2022-11-29,한국토지주택공사(LH),기타회의,건설/건축/인테리어,"국토교통부(MOLIT), 사우디아라비아 도시농촌주택부","주택도시보증공사(HUG), 한국주택협회(KHA), 한국토지주택공사(LH)",,
125,컨벤션 사업부,컨벤션 2본부,2022 글로벌 코리아 포럼,2022,2022-11-23,2022-11-25,대외경제정책연구원(KEIP),"기타회의, 전시",인문/사회/경제/역사/법/남북,경제·인문사회연구회(NRC),대외경제정책연구원(KEIP),,
126,E&E 사업부,이벤트&엑스포 1팀 ,SCEWC 2022 한국관(Korea Pavilion),2022,2022-11-15,2022-11-17,킨텍스(KINTEX),전시홍보관,전자/정보통신/방송장비/스마트,바르셀로나시청,Fira Barcelona,,
127,컨벤션 사업부,컨벤션 2팀 ,2022 콘텐츠 IP 산업전,2022,2022-11-10,2022-11-12,한국콘텐츠진흥원(KOCCA),전시,문화/예술/디자인/콘텐츠/영상/광고,문화체육관광부(MCST),한국콘텐츠진흥원(KOCCA),,
128,컨벤션 사업부,컨벤션 2팀 ,KOREA MICE EXPO 2022,2022,2022-11-09,2022-11-10,한국관광공사(KTO),"기타회의, 전시",관광/레저/스포츠,문화체육관광부(MCST),"인천관광공사(ITO), 한국관광공사(KTO)",,
129,컨벤션 사업부,컨벤션 3팀,2022 스마트국토엑스포 ,2022,2022-11-02,2022-11-04,한국국토정보공사(LX),"국제회의, 전시",전자/정보통신/방송장비/스마트,국토교통부(MOLIT),"한국공간정보산업협동조합, 한국공간정보산업협회(KASM), 한국국토정보공사(LX), 한국토지주택공사(LH), 공간정보산업진흥원(SpaceN), 공간정보품질관리원(SIQMS), 국토연구원(KRIHS)",,
130,컨벤션 사업부,컨벤션 2팀 ,2022 디지털네이션스 장관회의,2022,2022-11-01,2022-11-03,행정안전부(MOIS),국제회의,전자/정보통신/방송장비/스마트,행정안전부(MOIS),한국지능정보사회진흥원(NIA),,
131,컨벤션 사업부,컨벤션 1팀,2022 제주 IUCN리더스포럼,2022,"2022-10-13, 2022-10-13","2022-10-15, 2022-10-15",제주특별자치도,국제회의,에너지/환경,"제주특별자치도, 환경부(ME), 세계자연보전연맹(IUCN)","제주특별자치도, 환경부(ME), 세계자연보전연맹(IUCN)",,
132,컨벤션 사업부,컨벤션 5팀,2022 대전세계지방정부연합 총회(UCLG),2022,2022-10-10,2022-10-14,2022 대전세계지방정부연합총회 조직위원회,국제회의,정책/행정/국방/소방/안전,"UCLG 세계사무국, 대전광역시",2022 대전세계지방정부연합총회 조직위원회,,
133,E&E 사업부,이벤트&엑스포 2팀,DDP 시민참여 문화행사,2022,"2022-05-05, 2022-09-20","2022-05-15, 2022-10-09",서울디자인재단,이벤트,문화/예술/디자인/콘텐츠/영상/광고,서울디자인재단,서울디자인재단,,
134,E&E 사업부,전시 1팀,2020-2021 글로벌 코리아 박람회  웹사이트 유지 보수,2022,2022-04-06,2022-10-05,경제·인문사회연구회(NRC),기타,인문/사회/경제/역사/법/남북,경제·인문사회연구회(NRC),경제·인문사회연구회(NRC),,
135,컨벤션 사업부,컨벤션 2팀 ,제17회 평화와 번영을 위한 제주포럼 ,2022,"2022-09-14, 2022-09-14","2022-09-16, 2022-09-16",제주평화연구원(JPI),국제회의,인문/사회/경제/역사/법/남북,"제주특별자치도, 제주평화연구원(JPI), 국제평화재단(IPF), 동아시아재단(KEAF)","제주특별자치도, 제주평화연구원(JPI), 국제평화재단(IPF), 동아시아재단(KEAF)",,
136,E&E 사업부,이벤트&엑스포 2팀,제1차 국가데이터정책위원회 개최,2022,2022-09-14,2022-09-14,과학기술정보통신부(MSIT),기타회의,정책/행정/국방/소방/안전,과학기술정보통신부(MSIT),과학기술정보통신부(MSIT),,
137,E&E 사업부,이벤트&엑스포 1팀 ,푸른하늘의날 기념행사,2022,"2022-09-07, 2022-09-07","2022-09-07, 2022-09-07",환경부(ME),이벤트,에너지/환경,환경부(ME),환경부(ME),,
138,E&E 사업부,이벤트&엑스포 1팀 ,제6회 월드 스마트시티 엑스포(WSCE 2022),2022,2022-08-31,2022-09-02,한국토지주택공사(LH),"국제회의, 전시",전자/정보통신/방송장비/스마트,"과학기술정보통신부(MSIT), 국토교통부(MOLIT)","킨텍스(KINTEX), 한국수자원공사(K-water), 한국토지주택공사(LH)",,
139,컨벤션 사업부,컨벤션 1팀,2022 국제방송영상마켓(BCWW 2022),2022,"2022-08-31, 2022-08-31","2022-09-02, 2022-09-02",한국콘텐츠진흥원(KOCCA),"국제회의, 전시",문화/예술/디자인/콘텐츠/영상/광고,문화체육관광부(MCST),한국콘텐츠진흥원(KOCCA),,
140,E&E 사업부,놀이터사업팀,중랑구 공공형 실내놀이터 신체놀이형 놀이구조물 설계 및 제작 사업,2022,2022-01-25,2022-08-15,중랑구,공간사업(놀이터),건설/건축/인테리어,중랑구,중랑구,,
141,E&E 사업부,놀이터사업팀,씽크빅 홍보 역사관 설립 및 전시물 제작∙설치,2022,2021-08-20,2022-06-30,웅진씽크빅,전시홍보관,기타,웅진씽크빅,웅진씽크빅,,
142,E&E 사업부,이벤트&엑스포 2팀,제5회 전자정부의 날,2022,2022-06-23,2022-06-23,한국지능정보사회진흥원(NIA),이벤트,전자/정보통신/방송장비/스마트,행정안전부(MOIS),한국지능정보사회진흥원(NIA),,
143,E&E 사업부,전시 1팀,KASS 홍보관 구축,2022,2022-04-20,2022-06-18,국토교통부(MOLIT),전시홍보관,운송장비/모빌리티,국토교통부(MOLIT),국토교통부(MOLIT),,
144,E&E 사업부,전시 1팀,"NextRise 2022, Seoul ",2022,2022-06-16,2022-06-17,한국산업은행(KDB),"기타회의, 전시",창업/취업/스타트업/비즈니스,"한국무역협회(KITA), 한국벤처캐피탈협회(KVCA), 한국산업은행(KDB), 국가과학기술연구회(NST), 벤처기업협회(KOVA)","한국무역협회(KITA), 한국벤처캐피탈협회(KVCA), 한국산업은행(KDB), 국가과학기술연구회(NST), 벤처기업협회(KOVA)",,
145,E&E 사업부,전시 1팀,"NextRise 2022, Seoul (Globalization Partners 독립부스 설치)",2022,2022-06-16,2022-06-17,GLOBALIZATION PARTNERS SINGAPORE PTE LTD,전시홍보관,창업/취업/스타트업/비즈니스,GLOBALIZATION PARTNERS SINGAPORE PTE LTD,GLOBALIZATION PARTNERS SINGAPORE PTE LTD,,
146,E&E 사업부,전시 1팀,"NextRise 2022, Seoul (KT&G 상상플래닛 독립부스 설치)",2022,2022-06-16,2022-06-17,네스트앤드(NESTAND),전시홍보관,창업/취업/스타트업/비즈니스,네스트앤드(NESTAND),네스트앤드(NESTAND),,
147,E&E 사업부,전시 1팀,"NextRise 2022, Seoul (리디 독립부스 설치)",2022,2022-06-16,2022-06-17,리디(RIDI),전시홍보관,창업/취업/스타트업/비즈니스,리디(RIDI),리디(RIDI),,
148,E&E 사업부,전시 1팀,"NextRise 2022, Seoul (직방 독립부스 설치)",2022,2022-06-16,2022-06-17,직방,전시홍보관,창업/취업/스타트업/비즈니스,직방,직방,,
149,E&E 사업부,전시 1팀,"NextRise 2022, Seoul (관광벤처기업 홍보관 그래픽디자인 및 가구임차)",2022,2022-06-16,2022-06-17,한국관광공사(KTO),전시홍보관,창업/취업/스타트업/비즈니스,한국관광공사(KTO),한국관광공사(KTO),,
150,E&E 사업부,전시 1팀,"NextRise 2022, Seoul (한국수자원공사 독립부스 설치)",2022,2022-06-16,2022-06-17,한국수자원공사(K-water),전시홍보관,창업/취업/스타트업/비즈니스,한국수자원공사(K-water),한국수자원공사(K-water),,
151,E&E 사업부,전시 1팀,KASS 홍보 컨텐츠 제작,2022,2022-04-07,2022-05-06,국토교통과학기술진흥원(KAIA),전시홍보관,운송장비/모빌리티,국토교통과학기술진흥원(KAIA),국토교통과학기술진흥원(KAIA),,
152,컨벤션 사업부,컨벤션 1팀,2022 평창평화포럼(PPF 2022),2022,"2022-02-22, 2022-02-22","2022-02-24, 2022-02-24",2018평창기념재단,국제회의,인문/사회/경제/역사/법/남북,"평창군, 한국국제협력단(KOICA), 강원특별자치도",2018평창기념재단,,
153,E&E 사업부,놀이터사업팀,도봉구 청사 공공형 실내놀이터,2021,2020-12-09,2021-12-22,도봉구,공간사업(놀이터),건설/건축/인테리어,도봉구,도봉구,,
154,컨벤션 사업부,컨벤션 2팀 ,제7차 열린정부파트너쉽(OGP) 글로벌서밋,2021,"2021-12-15, 2021-12-15","2021-12-17, 2021-12-17",행정안전부(MOIS),국제회의,정책/행정/국방/소방/안전,"OGP 사무국, 행정안전부(MOIS), 대한민국 정부","OGP 사무국, 행정안전부(MOIS), 대한민국 정부",,
155,E&E 사업부,이벤트&엑스포 1팀,UN SDGs와 남북 과학기술 협력 전망 국제 컨퍼런스,2021,2021-12-09,2021-12-09,통일과학기술연구협의회,기타회의,정책/행정/국방/소방/안전,통일과학기술연구협의회,통일과학기술연구협의회,,
156,컨벤션 사업부,컨벤션 1팀,제22차 한중일 환경장관회의(TEMM 22),2021,"2021-12-07, 2021-12-07","2021-12-07, 2021-12-07",환경부(ME),국제회의,에너지/환경,환경부(ME),환경부(ME),,
157,E&E 사업부,전시 1팀,2021 글로벌 코리아 박람회,2021,"2021-11-15, 2021-11-15","2021-11-17, 2021-11-17",대외경제정책연구원(KEIP),"기타회의, 전시",인문/사회/경제/역사/법/남북,"경제·인문사회연구회(NRC), 대외경제정책연구원(KEIP)",경제·인문사회연구회(NRC),,
158,E&E 사업부,전시 1팀,KDI국제정책대학원 부스설치(GKC2021),2021,"2021-11-15, 2021-11-15","2021-11-17, 2021-11-17",한국개발연구원국제정책대학원대학교(KDI School),"기타회의, 전시",인문/사회/경제/역사/법/남북,한국개발연구원국제정책대학원대학교(KDI School),한국개발연구원국제정책대학원대학교(KDI School),,
159,E&E 사업부,전시 1팀,한국장학재단 부스설치(GKC2021),2021,2021-11-15,2021-11-17,한국장학재단(KOSAF),"기타회의, 전시",인문/사회/경제/역사/법/남북,한국장학재단(KOSAF),한국장학재단(KOSAF),,
160,E&E 사업부,전시 1팀,글로벌지식협력단지 부스설치(GKC2021),2021,"2021-11-15, 2021-11-15","2021-11-17, 2021-11-17",글로벌지식협력단지,"기타회의, 전시",인문/사회/경제/역사/법/남북,글로벌지식협력단지,글로벌지식협력단지,,
161,컨벤션 사업부,컨벤션 4팀,2021 빛가람국제전력기술엑스포(BIXPO 2021),2021,"2021-11-10, 2021-11-10","2021-11-12, 2021-11-12",한국전력공사(KEPCO),"국제회의, 전시",에너지/환경,한국전력공사(KEPCO),한국전력공사(KEPCO),,
162,E&E 사업부,전시 1팀,제3회 대한민국 정부혁신박람회 ,2021,"2021-11-03, 2021-11-03","2021-11-06, 2021-11-06",행정안전부(MOIS),"기타회의, 전시",정책/행정/국방/소방/안전,대한민국 정부,행정안전부(MOIS),,
163,E&E 사업부,이벤트&엑스포 1팀,2021함양산삼항노화엑스포 종합실행계획 수립 및 업무,2021,2021-09-10,2021-10-10,함양산삼항노화엑스포조직위원회,엑스포,보건/의료/광학/건강,"함양군, 함양산삼항노화엑스포조직위원회, 경상남도","함양군, 함양산삼항노화엑스포조직위원회, 경상남도",,
164,E&E 사업부,이벤트&엑스포 1팀,2021함양산삼항노화엑스포 함양군 홍보관 설치,2021,2021-09-10,2021-10-10,함양군,전시홍보관,보건/의료/광학/건강,"함양군, 함양산삼항노화엑스포조직위원회, 경상남도","함양군, 함양산삼항노화엑스포조직위원회, 경상남도",,
165,E&E 사업부,이벤트&엑스포 1팀,거함산 항노화산업 및 산양삼 특구전시 설치,2021,2021-09-10,2021-10-10,함양군,"전시홍보관, 엑스포",보건/의료/광학/건강,"함양군, 함양산삼항노화엑스포조직위원회, 경상남도","함양군, 함양산삼항노화엑스포조직위원회, 경상남도",,
166,E&E 사업부,이벤트&엑스포 1팀,함양산삼항노화엑스포 거함산 항노화산업 홍보부스 제작설치 (거창군),2021,2021-09-10,2021-10-10,거창군,"전시홍보관, 엑스포",보건/의료/광학/건강,"함양군, 함양산삼항노화엑스포조직위원회, 경상남도","함양군, 함양산삼항노화엑스포조직위원회, 경상남도",,
167,E&E 사업부,이벤트&엑스포 1팀,2021년 함양산삼항노화엑스포 거함산항노화산업 전시 부스 설치 용역 (산청군),2021,2021-09-10,2021-10-10,산청군,"전시홍보관, 엑스포",보건/의료/광학/건강,"함양군, 함양산삼항노화엑스포조직위원회, 경상남도","함양군, 함양산삼항노화엑스포조직위원회, 경상남도",,
168,E&E 사업부,전시 1팀,2021 대한민국 농업박람회,2021,2021-09-08,2021-09-11,농림수산식품교육문화정보원(EPIS),"국제회의, 전시",농수축산/식음료,농림축산식품부(MAFRA),농림수산식품교육문화정보원(EPIS),,
169,E&E 사업부,이벤트&엑스포 2팀,제5회 월드 스마트시티 엑스포(WSCE 2021),2021,2021-09-08,2021-09-10,한국토지주택공사(LH),"국제회의, 전시",전자/정보통신/방송장비/스마트,"과학기술정보통신부(MSIT), 국토교통부(MOLIT)","킨텍스(KINTEX), 한국수자원공사(K-water), 한국토지주택공사(LH)",,
170,컨벤션 사업부,컨벤션 1팀,2021 국제방송영상마켓(BCWW),2021,"2021-09-06, 2021-09-06","2021-09-10, 2021-09-10",한국콘텐츠진흥원(KOCCA),"국제회의, 전시",문화/예술/디자인/콘텐츠/영상/광고,문화체육관광부(MCST),한국콘텐츠진흥원(KOCCA),,
171,컨벤션 사업부,컨벤션 2팀 ,"2021 한국관광박람회(KITE, Korea International Travel Expo 2021)",2021,"2021-06-29, 2021-06-29","2021-07-13, 2021-07-13",한국관광공사(KTO),"기타회의, 전시",관광/레저/스포츠,한국관광공사(KTO),한국관광공사(KTO),,
172,컨벤션 사업부,컨벤션 3팀,P4G 정상회의 ,2021,"2021-05-30, 2021-05-30","2021-05-31, 2021-05-31",2021 P4G 정상회의 준비기획단,국제회의,에너지/환경,2021 P4G 정상회의 준비기획단,2021 P4G 정상회의 준비기획단,,
173,E&E 사업부,이벤트&엑스포 2팀,P4G 정상회의 환경부 세션,2021,"2021-05-24, 2021-05-24","2021-05-31, 2021-05-31",환경부(ME),국제회의,에너지/환경,환경부(ME),환경부(ME),,
174,컨벤션 사업부,컨벤션 3팀,한국-덴마크 화상양자회담,2021,"2021-05-30, 2021-05-30","2021-05-30, 2021-05-30",외교부(MOFA),국제회의,에너지/환경,외교부(MOFA),외교부(MOFA),,
175,컨벤션 사업부,컨벤션 3팀,2050탄소중립위원회출범식 및 제1차 회의,2021,"2021-05-29, 2021-05-29","2021-05-29, 2021-05-29",국무조정실 탄소중립추진준비단,기타회의,에너지/환경,국무조정실 탄소중립추진준비단,국무조정실 탄소중립추진준비단,,
176,E&E 사업부,전시 2팀,제13회 광주비엔날레 (행사장 운영 및 관리),2021,2021-04-01,2021-05-09,광주비엔날레,국제이벤트,문화/예술/디자인/콘텐츠/영상/광고,광주비엔날레,광주비엔날레,,
177,컨벤션 사업부,컨벤션 1팀,제1차 IOC조정위원회(화상회의),2021,"2021-03-30, 2021-03-30","2021-03-31, 2021-03-31",2024 강원 동계청소년올림픽대회 조직위원회,기타회의,관광/레저/스포츠,2024 강원 동계청소년올림픽대회 조직위원회,2024 강원 동계청소년올림픽대회 조직위원회,,
178,E&E 사업부,전시 2팀,인천 스마트관광도시 홍보 기본계획,2021,2021-01-27,2021-02-16,한국관광공사(KTO),연구용역,관광/레저/스포츠,한국관광공사(KTO),한국관광공사(KTO),,
179,컨벤션 사업부,컨벤션 1팀,2021 평창평화포럼,2021,"2021-02-07, 2021-02-07","2021-02-09, 2021-02-09",2018평창기념재단,국제회의,인문/사회/경제/역사/법/남북,"평창군, 한국국제협력단(KOICA), 강원특별자치도",2018평창기념재단,,
180,E&E 사업부,전시 1팀,중구 영유아 신체놀이공간 놀이구조물 설계및 제작_하티붕붕,2021,2020-10-05,2021-01-31,중구,공간사업(놀이터),건설/건축/인테리어,중구,중구,,
181,컨벤션 사업부,컨벤션 3팀,2021 세계경제포럼(다보스포럼) 한국정상 특별연설  ,2021,"2021-01-27, 2021-01-27","2021-01-27, 2021-01-27",외교부(MOFA),기타회의,인문/사회/경제/역사/법/남북,외교부(MOFA),외교부(MOFA),,
